image_path,image_timestamp,time_difference_s,joint_timestamp,joint_1,joint_2,joint_3,joint_4,joint_5,joint_6,joint_7
../dataset/Meca_insertion/Meca_1th_hand/right/zed_49429257_left_1747200810.937.jpg,1747200810.937,0.0046999454498291016,1747200810.975,23.51,37.61,-6.64,28.22,54.74,-49.52,185.06
../dataset/Meca_insertion/Meca_1th_hand/right/zed_49429257_right_1747200810.937.jpg,1747200810.937,0.0046999454498291016,1747200810.975,23.51,37.61,-6.64,28.22,54.74,-49.52,185.06
../dataset/Meca_insertion/Meca_1th_hand/top/zed_49045152_left_1747200811.009.jpg,1747200811.009,0.04369997978210449,1747200811.086,23.44,37.51,-6.98,28.13,55.15,-49.38,185.19
../dataset/Meca_insertion/Meca_1th_hand/top/zed_49045152_right_1747200811.009.jpg,1747200811.009,0.04369997978210449,1747200811.086,23.44,37.51,-6.98,28.13,55.15,-49.38,185.19
../dataset/Meca_insertion/Meca_1th_hand/left/zed_44377151_right_1747200811.060.jpg,1747200811.06,0.007299900054931641,1747200811.086,23.44,37.51,-6.98,28.13,55.15,-49.38,185.19
../dataset/Meca_insertion/Meca_1th_hand/left/zed_44377151_left_1747200811.060.jpg,1747200811.06,0.007299900054931641,1747200811.086,23.44,37.51,-6.98,28.13,55.15,-49.38,185.19
../dataset/Meca_insertion/Meca_1th_hand/left/zed_44377151_right_1747200811.348.jpg,1747200811.348,0.03729987144470215,1747200811.344,23.38,37.44,-7.25,28.06,55.48,-49.27,185.29
../dataset/Meca_insertion/Meca_1th_hand/left/zed_44377151_left_1747200811.348.jpg,1747200811.348,0.03729987144470215,1747200811.344,23.38,37.44,-7.25,28.06,55.48,-49.27,185.29
../dataset/Meca_insertion/Meca_1th_hand/right/zed_49429257_left_1747200811.389.jpg,1747200811.389,0.046700239181518555,1747200811.469,23.29,37.32,-7.67,27.95,55.99,-49.09,185.44
../dataset/Meca_insertion/Meca_1th_hand/right/zed_49429257_right_1747200811.389.jpg,1747200811.389,0.046700239181518555,1747200811.469,23.29,37.32,-7.67,27.95,55.99,-49.09,185.44
../dataset/Meca_insertion/Meca_1th_hand/top/zed_49045152_right_1747200811.647.jpg,1747200811.647,0.010699987411499023,1747200811.691,23.23,37.24,-7.94,27.88,56.32,-48.98,185.53
../dataset/Meca_insertion/Meca_1th_hand/top/zed_49045152_left_1747200811.647.jpg,1747200811.647,0.010699987411499023,1747200811.691,23.23,37.24,-7.94,27.88,56.32,-48.98,185.53
../dataset/Meca_insertion/Meca_1th_hand/right/zed_49429257_left_1747200811.682.jpg,1747200811.682,0.02429986000061035,1747200811.691,23.23,37.24,-7.94,27.88,56.32,-48.98,185.53
../dataset/Meca_insertion/Meca_1th_hand/right/zed_49429257_right_1747200811.682.jpg,1747200811.682,0.02429986000061035,1747200811.691,23.23,37.24,-7.94,27.88,56.32,-48.98,185.53
../dataset/Meca_insertion/Meca_1th_hand/left/zed_44377151_left_1747200811.911.jpg,1747200811.911,0.033299922943115234,1747200811.911,23.11,37.09,-8.48,27.73,56.98,-48.75,185.71
../dataset/Meca_insertion/Meca_1th_hand/left/zed_44377151_right_1747200811.911.jpg,1747200811.911,0.033299922943115234,1747200811.911,23.11,37.09,-8.48,27.73,56.98,-48.75,185.71
../dataset/Meca_insertion/Meca_1th_hand/right/zed_49429257_right_1747200812.027.jpg,1747200812.027,0.04770016670227051,1747200812.108,23.03,36.99,-8.84,27.64,57.42,-48.6,185.81
../dataset/Meca_insertion/Meca_1th_hand/right/zed_49429257_left_1747200812.027.jpg,1747200812.027,0.04770016670227051,1747200812.108,23.03,36.99,-8.84,27.64,57.42,-48.6,185.81
../dataset/Meca_insertion/Meca_1th_hand/front/zed_41182735_left_1747200812.293.jpg,1747200812.293,0.04770016670227051,1747200812.374,22.99,36.93,-9.05,27.58,57.67,-48.51,185.87
../dataset/Meca_insertion/Meca_1th_hand/front/zed_41182735_right_1747200812.293.jpg,1747200812.293,0.04770016670227051,1747200812.374,22.99,36.93,-9.05,27.58,57.67,-48.51,185.87
../dataset/Meca_insertion/Meca_1th_hand/right/zed_49429257_right_1747200812.349.jpg,1747200812.349,0.008299827575683594,1747200812.374,22.99,36.93,-9.05,27.58,57.67,-48.51,185.87
../dataset/Meca_insertion/Meca_1th_hand/right/zed_49429257_left_1747200812.349.jpg,1747200812.349,0.008299827575683594,1747200812.374,22.99,36.93,-9.05,27.58,57.67,-48.51,185.87
../dataset/Meca_insertion/Meca_1th_hand/top/zed_49045152_left_1747200812.366.jpg,1747200812.366,0.025299787521362305,1747200812.374,22.99,36.93,-9.05,27.58,57.67,-48.51,185.87
../dataset/Meca_insertion/Meca_1th_hand/top/zed_49045152_right_1747200812.366.jpg,1747200812.366,0.025299787521362305,1747200812.374,22.99,36.93,-9.05,27.58,57.67,-48.51,185.87
../dataset/Meca_insertion/Meca_1th_hand/front/zed_41182735_right_1747200812.706.jpg,1747200812.706,0.016299962997436523,1747200812.723,22.84,36.74,-9.74,27.4,58.51,-48.23,186.04
../dataset/Meca_insertion/Meca_1th_hand/front/zed_41182735_left_1747200812.706.jpg,1747200812.706,0.016299962997436523,1747200812.723,22.84,36.74,-9.74,27.4,58.51,-48.23,186.04
../dataset/Meca_insertion/Meca_1th_hand/top/zed_49045152_right_1747200812.723.jpg,1747200812.723,0.033299922943115234,1747200812.723,22.84,36.74,-9.74,27.4,58.51,-48.23,186.04
../dataset/Meca_insertion/Meca_1th_hand/top/zed_49045152_left_1747200812.723.jpg,1747200812.723,0.033299922943115234,1747200812.723,22.84,36.74,-9.74,27.4,58.51,-48.23,186.04
../dataset/Meca_insertion/Meca_1th_hand/left/zed_44377151_left_1747200812.735.jpg,1747200812.735,0.04529976844787598,1747200812.723,22.84,36.74,-9.74,27.4,58.51,-48.23,186.04
../dataset/Meca_insertion/Meca_1th_hand/left/zed_44377151_right_1747200812.735.jpg,1747200812.735,0.04529976844787598,1747200812.723,22.84,36.74,-9.74,27.4,58.51,-48.23,186.04
../dataset/Meca_insertion/Meca_1th_hand/right/zed_49429257_left_1747200812.938.jpg,1747200812.938,0.0012998580932617188,1747200812.97,22.71,36.58,-10.31,27.25,59.21,-47.99,186.17
../dataset/Meca_insertion/Meca_1th_hand/right/zed_49429257_right_1747200812.938.jpg,1747200812.938,0.0012998580932617188,1747200812.97,22.71,36.58,-10.31,27.25,59.21,-47.99,186.17
../dataset/Meca_insertion/Meca_1th_hand/front/zed_41182735_left_1747200812.984.jpg,1747200812.984,0.047299861907958984,1747200812.97,22.71,36.58,-10.31,27.25,59.21,-47.99,186.17
../dataset/Meca_insertion/Meca_1th_hand/front/zed_41182735_right_1747200812.984.jpg,1747200812.984,0.047299861907958984,1747200812.97,22.71,36.58,-10.31,27.25,59.21,-47.99,186.17
../dataset/Meca_insertion/Meca_1th_hand/top/zed_49045152_right_1747200813.041.jpg,1747200813.041,0.04470014572143555,1747200813.119,22.64,36.48,-10.64,27.16,59.61,-47.85,186.23
../dataset/Meca_insertion/Meca_1th_hand/top/zed_49045152_left_1747200813.041.jpg,1747200813.041,0.04470014572143555,1747200813.119,22.64,36.48,-10.64,27.16,59.61,-47.85,186.23
../dataset/Meca_insertion/Meca_1th_hand/left/zed_44377151_right_1747200813.069.jpg,1747200813.069,0.016700029373168945,1747200813.119,22.64,36.48,-10.64,27.16,59.61,-47.85,186.23
../dataset/Meca_insertion/Meca_1th_hand/left/zed_44377151_left_1747200813.069.jpg,1747200813.069,0.016700029373168945,1747200813.119,22.64,36.48,-10.64,27.16,59.61,-47.85,186.23
../dataset/Meca_insertion/Meca_1th_hand/right/zed_49429257_left_1747200813.312.jpg,1747200813.312,0.04069995880126953,1747200813.386,22.58,36.4,-10.94,27.08,59.98,-47.72,186.28
../dataset/Meca_insertion/Meca_1th_hand/right/zed_49429257_right_1747200813.312.jpg,1747200813.312,0.04069995880126953,1747200813.386,22.58,36.4,-10.94,27.08,59.98,-47.72,186.28
../dataset/Meca_insertion/Meca_1th_hand/left/zed_44377151_right_1747200813.348.jpg,1747200813.348,0.0046999454498291016,1747200813.386,22.58,36.4,-10.94,27.08,59.98,-47.72,186.28
../dataset/Meca_insertion/Meca_1th_hand/left/zed_44377151_left_1747200813.348.jpg,1747200813.348,0.0046999454498291016,1747200813.386,22.58,36.4,-10.94,27.08,59.98,-47.72,186.28
../dataset/Meca_insertion/Meca_1th_hand/front/zed_41182735_left_1747200813.365.jpg,1747200813.365,0.01230001449584961,1747200813.386,22.58,36.4,-10.94,27.08,59.98,-47.72,186.28
../dataset/Meca_insertion/Meca_1th_hand/front/zed_41182735_right_1747200813.365.jpg,1747200813.365,0.01230001449584961,1747200813.386,22.58,36.4,-10.94,27.08,59.98,-47.72,186.28
../dataset/Meca_insertion/Meca_1th_hand/top/zed_49045152_left_1747200813.374.jpg,1747200813.374,0.021300077438354492,1747200813.386,22.58,36.4,-10.94,27.08,59.98,-47.72,186.28
../dataset/Meca_insertion/Meca_1th_hand/top/zed_49045152_right_1747200813.374.jpg,1747200813.374,0.021300077438354492,1747200813.386,22.58,36.4,-10.94,27.08,59.98,-47.72,186.28
../dataset/Meca_insertion/Meca_1th_hand/front/zed_41182735_right_1747200813.590.jpg,1747200813.59,0.0457000732421875,1747200813.669,22.46,36.25,-11.48,26.93,60.64,-47.5,186.36
../dataset/Meca_insertion/Meca_1th_hand/front/zed_41182735_left_1747200813.590.jpg,1747200813.59,0.0457000732421875,1747200813.669,22.46,36.25,-11.48,26.93,60.64,-47.5,186.36
../dataset/Meca_insertion/Meca_1th_hand/top/zed_49045152_left_1747200813.631.jpg,1747200813.631,0.0046999454498291016,1747200813.669,22.46,36.25,-11.48,26.93,60.64,-47.5,186.36
../dataset/Meca_insertion/Meca_1th_hand/top/zed_49045152_right_1747200813.631.jpg,1747200813.631,0.0046999454498291016,1747200813.669,22.46,36.25,-11.48,26.93,60.64,-47.5,186.36
../dataset/Meca_insertion/Meca_1th_hand/right/zed_49429257_right_1747200813.679.jpg,1747200813.679,0.04329991340637207,1747200813.669,22.46,36.25,-11.48,26.93,60.64,-47.5,186.36
../dataset/Meca_insertion/Meca_1th_hand/right/zed_49429257_left_1747200813.679.jpg,1747200813.679,0.04329991340637207,1747200813.669,22.46,36.25,-11.48,26.93,60.64,-47.5,186.36
../dataset/Meca_insertion/Meca_1th_hand/left/zed_44377151_right_1747200813.713.jpg,1747200813.713,0.022700071334838867,1747200813.769,22.39,36.16,-11.81,26.85,61.04,-47.36,186.4
../dataset/Meca_insertion/Meca_1th_hand/left/zed_44377151_left_1747200813.713.jpg,1747200813.713,0.022700071334838867,1747200813.769,22.39,36.16,-11.81,26.85,61.04,-47.36,186.4
../dataset/Meca_insertion/Meca_1th_hand/front/zed_41182735_left_1747200813.976.jpg,1747200813.976,0.030699968338012695,1747200814.04,22.33,36.08,-12.08,26.77,61.37,-47.25,186.43
../dataset/Meca_insertion/Meca_1th_hand/front/zed_41182735_right_1747200813.976.jpg,1747200813.976,0.030699968338012695,1747200814.04,22.33,36.08,-12.08,26.77,61.37,-47.25,186.43
../dataset/Meca_insertion/Meca_1th_hand/left/zed_44377151_left_1747200814.034.jpg,1747200814.034,0.027299880981445312,1747200814.04,22.33,36.08,-12.08,26.77,61.37,-47.25,186.43
../dataset/Meca_insertion/Meca_1th_hand/left/zed_44377151_right_1747200814.034.jpg,1747200814.034,0.027299880981445312,1747200814.04,22.33,36.08,-12.08,26.77,61.37,-47.25,186.43
../dataset/Meca_insertion/Meca_1th_hand/right/zed_49429257_left_1747200814.040.jpg,1747200814.04,0.033299922943115234,1747200814.04,22.33,36.08,-12.08,26.77,61.37,-47.25,186.43
../dataset/Meca_insertion/Meca_1th_hand/right/zed_49429257_right_1747200814.040.jpg,1747200814.04,0.033299922943115234,1747200814.04,22.33,36.08,-12.08,26.77,61.37,-47.25,186.43
../dataset/Meca_insertion/Meca_1th_hand/right/zed_49429257_right_1747200814.309.jpg,1747200814.309,0.049700021743774414,1747200814.392,22.2,35.92,-12.65,26.62,62.06,-47.01,186.48
../dataset/Meca_insertion/Meca_1th_hand/right/zed_49429257_left_1747200814.309.jpg,1747200814.309,0.049700021743774414,1747200814.392,22.2,35.92,-12.65,26.62,62.06,-47.01,186.48
../dataset/Meca_insertion/Meca_1th_hand/front/zed_41182735_right_1747200814.352.jpg,1747200814.352,0.006700038909912109,1747200814.392,22.2,35.92,-12.65,26.62,62.06,-47.01,186.48
../dataset/Meca_insertion/Meca_1th_hand/front/zed_41182735_left_1747200814.352.jpg,1747200814.352,0.006700038909912109,1747200814.392,22.2,35.92,-12.65,26.62,62.06,-47.01,186.48
../dataset/Meca_insertion/Meca_1th_hand/front/zed_41182735_left_1747200814.677.jpg,1747200814.677,0.033299922943115234,1747200814.677,22.07,35.75,-13.25,26.46,62.79,-46.76,186.51
../dataset/Meca_insertion/Meca_1th_hand/front/zed_41182735_right_1747200814.677.jpg,1747200814.677,0.033299922943115234,1747200814.677,22.07,35.75,-13.25,26.46,62.79,-46.76,186.51
../dataset/Meca_insertion/Meca_1th_hand/right/zed_49429257_left_1747200814.684.jpg,1747200814.684,0.04029989242553711,1747200814.677,22.07,35.75,-13.25,26.46,62.79,-46.76,186.51
../dataset/Meca_insertion/Meca_1th_hand/right/zed_49429257_right_1747200814.684.jpg,1747200814.684,0.04029989242553711,1747200814.677,22.07,35.75,-13.25,26.46,62.79,-46.76,186.51
../dataset/Meca_insertion/Meca_1th_hand/top/zed_49045152_left_1747200814.692.jpg,1747200814.692,0.04829978942871094,1747200814.677,22.07,35.75,-13.25,26.46,62.79,-46.76,186.51
../dataset/Meca_insertion/Meca_1th_hand/top/zed_49045152_right_1747200814.692.jpg,1747200814.692,0.04829978942871094,1747200814.677,22.07,35.75,-13.25,26.46,62.79,-46.76,186.51
../dataset/Meca_insertion/Meca_1th_hand/left/zed_44377151_right_1747200815.011.jpg,1747200815.011,0.04329991340637207,1747200815.001,21.94,35.58,-13.84,26.3,63.52,-46.51,186.52
../dataset/Meca_insertion/Meca_1th_hand/left/zed_44377151_left_1747200815.011.jpg,1747200815.011,0.04329991340637207,1747200815.001,21.94,35.58,-13.84,26.3,63.52,-46.51,186.52
../dataset/Meca_insertion/Meca_1th_hand/right/zed_49429257_left_1747200815.283.jpg,1747200815.283,0.02069997787475586,1747200815.337,21.79,35.39,-14.54,26.12,64.37,-46.22,186.51
../dataset/Meca_insertion/Meca_1th_hand/right/zed_49429257_right_1747200815.283.jpg,1747200815.283,0.02069997787475586,1747200815.337,21.79,35.39,-14.54,26.12,64.37,-46.22,186.51
../dataset/Meca_insertion/Meca_1th_hand/front/zed_41182735_left_1747200815.337.jpg,1747200815.337,0.033299922943115234,1747200815.337,21.79,35.39,-14.54,26.12,64.37,-46.22,186.51
../dataset/Meca_insertion/Meca_1th_hand/front/zed_41182735_right_1747200815.337.jpg,1747200815.337,0.033299922943115234,1747200815.337,21.79,35.39,-14.54,26.12,64.37,-46.22,186.51
../dataset/Meca_insertion/Meca_1th_hand/top/zed_49045152_right_1747200815.379.jpg,1747200815.379,0.046700239181518555,1747200815.459,21.72,35.29,-14.87,26.03,64.77,-46.08,186.49
../dataset/Meca_insertion/Meca_1th_hand/top/zed_49045152_left_1747200815.379.jpg,1747200815.379,0.046700239181518555,1747200815.459,21.72,35.29,-14.87,26.03,64.77,-46.08,186.49
../dataset/Meca_insertion/Meca_1th_hand/left/zed_44377151_left_1747200815.398.jpg,1747200815.398,0.027700185775756836,1747200815.459,21.72,35.29,-14.87,26.03,64.77,-46.08,186.49
../dataset/Meca_insertion/Meca_1th_hand/left/zed_44377151_right_1747200815.398.jpg,1747200815.398,0.027700185775756836,1747200815.459,21.72,35.29,-14.87,26.03,64.77,-46.08,186.49
../dataset/Meca_insertion/Meca_1th_hand/right/zed_49429257_left_1747200815.588.jpg,1747200815.588,0.04670000076293945,1747200815.668,21.67,35.23,-15.1,25.97,65.06,-45.98,186.48
../dataset/Meca_insertion/Meca_1th_hand/right/zed_49429257_right_1747200815.588.jpg,1747200815.588,0.04670000076293945,1747200815.668,21.67,35.23,-15.1,25.97,65.06,-45.98,186.48
../dataset/Meca_insertion/Meca_1th_hand/front/zed_41182735_left_1747200815.642.jpg,1747200815.642,0.007299900054931641,1747200815.668,21.67,35.23,-15.1,25.97,65.06,-45.98,186.48
../dataset/Meca_insertion/Meca_1th_hand/front/zed_41182735_right_1747200815.642.jpg,1747200815.642,0.007299900054931641,1747200815.668,21.67,35.23,-15.1,25.97,65.06,-45.98,186.48
../dataset/Meca_insertion/Meca_1th_hand/top/zed_49045152_left_1747200815.682.jpg,1747200815.682,0.047299861907958984,1747200815.668,21.67,35.23,-15.1,25.97,65.06,-45.98,186.48
../dataset/Meca_insertion/Meca_1th_hand/top/zed_49045152_right_1747200815.682.jpg,1747200815.682,0.047299861907958984,1747200815.668,21.67,35.23,-15.1,25.97,65.06,-45.98,186.48
../dataset/Meca_insertion/Meca_1th_hand/left/zed_44377151_left_1747200815.972.jpg,1747200815.972,0.026700258255004883,1747200816.032,21.53,35.04,-15.77,25.79,65.87,-45.71,186.42
../dataset/Meca_insertion/Meca_1th_hand/left/zed_44377151_right_1747200815.972.jpg,1747200815.972,0.026700258255004883,1747200816.032,21.53,35.04,-15.77,25.79,65.87,-45.71,186.42
../dataset/Meca_insertion/Meca_1th_hand/right/zed_49429257_left_1747200815.999.jpg,1747200815.999,0.0002999305725097656,1747200816.032,21.53,35.04,-15.77,25.79,65.87,-45.71,186.42
../dataset/Meca_insertion/Meca_1th_hand/right/zed_49429257_right_1747200815.999.jpg,1747200815.999,0.0002999305725097656,1747200816.032,21.53,35.04,-15.77,25.79,65.87,-45.71,186.42
../dataset/Meca_insertion/Meca_1th_hand/top/zed_49045152_left_1747200816.018.jpg,1747200816.018,0.019299745559692383,1747200816.032,21.53,35.04,-15.77,25.79,65.87,-45.71,186.42
../dataset/Meca_insertion/Meca_1th_hand/top/zed_49045152_right_1747200816.018.jpg,1747200816.018,0.019299745559692383,1747200816.032,21.53,35.04,-15.77,25.79,65.87,-45.71,186.42
../dataset/Meca_insertion/Meca_1th_hand/front/zed_41182735_left_1747200816.198.jpg,1747200816.198,0.005700111389160156,1747200816.237,21.43,34.92,-16.18,25.68,66.38,-45.53,186.37
../dataset/Meca_insertion/Meca_1th_hand/front/zed_41182735_right_1747200816.198.jpg,1747200816.198,0.005700111389160156,1747200816.237,21.43,34.92,-16.18,25.68,66.38,-45.53,186.37
../dataset/Meca_insertion/Meca_1th_hand/left/zed_44377151_right_1747200816.242.jpg,1747200816.242,0.0383000373840332,1747200816.237,21.43,34.92,-16.18,25.68,66.38,-45.53,186.37
../dataset/Meca_insertion/Meca_1th_hand/left/zed_44377151_left_1747200816.242.jpg,1747200816.242,0.0383000373840332,1747200816.237,21.43,34.92,-16.18,25.68,66.38,-45.53,186.37
../dataset/Meca_insertion/Meca_1th_hand/top/zed_49045152_right_1747200816.325.jpg,1747200816.325,0.013700008392333984,1747200816.372,21.37,34.84,-16.49,25.6,66.74,-45.41,186.33
../dataset/Meca_insertion/Meca_1th_hand/top/zed_49045152_left_1747200816.325.jpg,1747200816.325,0.013700008392333984,1747200816.372,21.37,34.84,-16.49,25.6,66.74,-45.41,186.33
../dataset/Meca_insertion/Meca_1th_hand/front/zed_41182735_right_1747200816.552.jpg,1747200816.552,0.019700050354003906,1747200816.605,21.29,34.74,-16.85,25.51,67.18,-45.26,186.27
../dataset/Meca_insertion/Meca_1th_hand/front/zed_41182735_left_1747200816.552.jpg,1747200816.552,0.019700050354003906,1747200816.605,21.29,34.74,-16.85,25.51,67.18,-45.26,186.27
../dataset/Meca_insertion/Meca_1th_hand/left/zed_44377151_right_1747200816.573.jpg,1747200816.573,0.0012998580932617188,1747200816.605,21.29,34.74,-16.85,25.51,67.18,-45.26,186.27
../dataset/Meca_insertion/Meca_1th_hand/left/zed_44377151_left_1747200816.573.jpg,1747200816.573,0.0012998580932617188,1747200816.605,21.29,34.74,-16.85,25.51,67.18,-45.26,186.27
../dataset/Meca_insertion/Meca_1th_hand/right/zed_49429257_right_1747200816.621.jpg,1747200816.621,0.04929995536804199,1747200816.605,21.29,34.74,-16.85,25.51,67.18,-45.26,186.27
../dataset/Meca_insertion/Meca_1th_hand/right/zed_49429257_left_1747200816.621.jpg,1747200816.621,0.04929995536804199,1747200816.605,21.29,34.74,-16.85,25.51,67.18,-45.26,186.27
../dataset/Meca_insertion/Meca_1th_hand/top/zed_49045152_left_1747200816.673.jpg,1747200816.673,0.0006999969482421875,1747200816.707,21.23,34.66,-17.12,25.43,67.51,-45.15,186.22
../dataset/Meca_insertion/Meca_1th_hand/top/zed_49045152_right_1747200816.673.jpg,1747200816.673,0.0006999969482421875,1747200816.707,21.23,34.66,-17.12,25.43,67.51,-45.15,186.22
../dataset/Meca_insertion/Meca_1th_hand/top/zed_49045152_right_1747200816.923.jpg,1747200816.923,0.016299962997436523,1747200816.94,21.18,34.6,-17.35,25.37,67.8,-45.05,186.17
../dataset/Meca_insertion/Meca_1th_hand/top/zed_49045152_left_1747200816.923.jpg,1747200816.923,0.016299962997436523,1747200816.94,21.18,34.6,-17.35,25.37,67.8,-45.05,186.17
../dataset/Meca_insertion/Meca_1th_hand/right/zed_49429257_left_1747200816.940.jpg,1747200816.94,0.033299922943115234,1747200816.94,21.18,34.6,-17.35,25.37,67.8,-45.05,186.17
../dataset/Meca_insertion/Meca_1th_hand/right/zed_49429257_right_1747200816.940.jpg,1747200816.94,0.033299922943115234,1747200816.94,21.18,34.6,-17.35,25.37,67.8,-45.05,186.17
../dataset/Meca_insertion/Meca_1th_hand/left/zed_44377151_left_1747200816.947.jpg,1747200816.947,0.04029989242553711,1747200816.94,21.18,34.6,-17.35,25.37,67.8,-45.05,186.17
../dataset/Meca_insertion/Meca_1th_hand/left/zed_44377151_right_1747200816.947.jpg,1747200816.947,0.04029989242553711,1747200816.94,21.18,34.6,-17.35,25.37,67.8,-45.05,186.17
../dataset/Meca_insertion/Meca_1th_hand/left/zed_44377151_left_1747200817.173.jpg,1747200817.173,0.04329991340637207,1747200817.163,21.06,34.43,-17.93,25.22,68.5,-44.81,186.05
../dataset/Meca_insertion/Meca_1th_hand/left/zed_44377151_right_1747200817.173.jpg,1747200817.173,0.04329991340637207,1747200817.163,21.06,34.43,-17.93,25.22,68.5,-44.81,186.05
../dataset/Meca_insertion/Meca_1th_hand/right/zed_49429257_right_1747200817.267.jpg,1747200817.267,0.03429985046386719,1747200817.266,21.06,34.43,-17.93,25.22,68.5,-44.81,186.05
../dataset/Meca_insertion/Meca_1th_hand/right/zed_49429257_left_1747200817.267.jpg,1747200817.267,0.03429985046386719,1747200817.266,21.06,34.43,-17.93,25.22,68.5,-44.81,186.05
../dataset/Meca_insertion/Meca_1th_hand/front/zed_41182735_left_1747200817.282.jpg,1747200817.282,0.04929995536804199,1747200817.266,21.06,34.43,-17.93,25.22,68.5,-44.81,186.05
../dataset/Meca_insertion/Meca_1th_hand/front/zed_41182735_right_1747200817.282.jpg,1747200817.282,0.04929995536804199,1747200817.266,21.06,34.43,-17.93,25.22,68.5,-44.81,186.05
../dataset/Meca_insertion/Meca_1th_hand/front/zed_41182735_left_1747200817.601.jpg,1747200817.601,0.012700080871582031,1747200817.647,20.89,34.22,-18.68,25.02,69.41,-44.49,185.86
../dataset/Meca_insertion/Meca_1th_hand/front/zed_41182735_right_1747200817.601.jpg,1747200817.601,0.012700080871582031,1747200817.647,20.89,34.22,-18.68,25.02,69.41,-44.49,185.86
../dataset/Meca_insertion/Meca_1th_hand/top/zed_49045152_right_1747200817.647.jpg,1747200817.647,0.033299922943115234,1747200817.647,20.89,34.22,-18.68,25.02,69.41,-44.49,185.86
../dataset/Meca_insertion/Meca_1th_hand/top/zed_49045152_left_1747200817.647.jpg,1747200817.647,0.033299922943115234,1747200817.647,20.89,34.22,-18.68,25.02,69.41,-44.49,185.86
../dataset/Meca_insertion/Meca_1th_hand/right/zed_49429257_left_1747200817.866.jpg,1747200817.866,0.042299747467041016,1747200817.857,20.78,34.08,-19.19,24.88,70.04,-44.28,185.71
../dataset/Meca_insertion/Meca_1th_hand/right/zed_49429257_right_1747200817.866.jpg,1747200817.866,0.042299747467041016,1747200817.857,20.78,34.08,-19.19,24.88,70.04,-44.28,185.71
../dataset/Meca_insertion/Meca_1th_hand/left/zed_44377151_left_1747200817.917.jpg,1747200817.917,0.015700101852416992,1747200817.966,20.78,34.08,-19.19,24.88,70.04,-44.28,185.71
../dataset/Meca_insertion/Meca_1th_hand/left/zed_44377151_right_1747200817.917.jpg,1747200817.917,0.015700101852416992,1747200817.966,20.78,34.08,-19.19,24.88,70.04,-44.28,185.71
../dataset/Meca_insertion/Meca_1th_hand/front/zed_41182735_right_1747200817.958.jpg,1747200817.958,0.025299787521362305,1747200817.966,20.78,34.08,-19.19,24.88,70.04,-44.28,185.71
../dataset/Meca_insertion/Meca_1th_hand/front/zed_41182735_left_1747200817.958.jpg,1747200817.958,0.025299787521362305,1747200817.966,20.78,34.08,-19.19,24.88,70.04,-44.28,185.71
../dataset/Meca_insertion/Meca_1th_hand/right/zed_49429257_left_1747200818.206.jpg,1747200818.206,0.04329991340637207,1747200818.196,20.65,33.91,-19.79,24.72,70.77,-44.03,185.52
../dataset/Meca_insertion/Meca_1th_hand/right/zed_49429257_right_1747200818.206.jpg,1747200818.206,0.04329991340637207,1747200818.196,20.65,33.91,-19.79,24.72,70.77,-44.03,185.52
../dataset/Meca_insertion/Meca_1th_hand/left/zed_44377151_left_1747200818.281.jpg,1747200818.281,0.013700246810913086,1747200818.328,20.63,33.89,-19.88,24.7,70.88,-43.99,185.48
../dataset/Meca_insertion/Meca_1th_hand/left/zed_44377151_right_1747200818.281.jpg,1747200818.281,0.013700246810913086,1747200818.328,20.63,33.89,-19.88,24.7,70.88,-43.99,185.48
../dataset/Meca_insertion/Meca_1th_hand/top/zed_49045152_right_1747200818.305.jpg,1747200818.305,0.010299921035766602,1747200818.328,20.63,33.89,-19.88,24.7,70.88,-43.99,185.48
../dataset/Meca_insertion/Meca_1th_hand/top/zed_49045152_left_1747200818.305.jpg,1747200818.305,0.010299921035766602,1747200818.328,20.63,33.89,-19.88,24.7,70.88,-43.99,185.48
../dataset/Meca_insertion/Meca_1th_hand/front/zed_41182735_left_1747200818.328.jpg,1747200818.328,0.033299922943115234,1747200818.328,20.63,33.89,-19.88,24.7,70.88,-43.99,185.48
../dataset/Meca_insertion/Meca_1th_hand/front/zed_41182735_right_1747200818.328.jpg,1747200818.328,0.033299922943115234,1747200818.328,20.63,33.89,-19.88,24.7,70.88,-43.99,185.48
../dataset/Meca_insertion/Meca_1th_hand/right/zed_49429257_left_1747200818.494.jpg,1747200818.494,0.035700082778930664,1747200818.563,20.51,33.73,-20.42,24.56,71.53,-43.77,185.29
../dataset/Meca_insertion/Meca_1th_hand/right/zed_49429257_right_1747200818.494.jpg,1747200818.494,0.035700082778930664,1747200818.563,20.51,33.73,-20.42,24.56,71.53,-43.77,185.29
../dataset/Meca_insertion/Meca_1th_hand/front/zed_41182735_right_1747200818.575.jpg,1747200818.575,0.04530000686645508,1747200818.563,20.51,33.73,-20.42,24.56,71.53,-43.77,185.29
../dataset/Meca_insertion/Meca_1th_hand/front/zed_41182735_left_1747200818.575.jpg,1747200818.575,0.04530000686645508,1747200818.563,20.51,33.73,-20.42,24.56,71.53,-43.77,185.29
../dataset/Meca_insertion/Meca_1th_hand/right/zed_49429257_left_1747200818.817.jpg,1747200818.817,0.03770017623901367,1747200818.888,20.41,33.6,-20.9,24.43,72.12,-43.57,185.1
../dataset/Meca_insertion/Meca_1th_hand/right/zed_49429257_right_1747200818.817.jpg,1747200818.817,0.03770017623901367,1747200818.888,20.41,33.6,-20.9,24.43,72.12,-43.57,185.1
../dataset/Meca_insertion/Meca_1th_hand/left/zed_44377151_left_1747200818.859.jpg,1747200818.859,0.00429987907409668,1747200818.888,20.41,33.6,-20.9,24.43,72.12,-43.57,185.1
../dataset/Meca_insertion/Meca_1th_hand/left/zed_44377151_right_1747200818.859.jpg,1747200818.859,0.00429987907409668,1747200818.888,20.41,33.6,-20.9,24.43,72.12,-43.57,185.1
../dataset/Meca_insertion/Meca_1th_hand/front/zed_41182735_left_1747200818.966.jpg,1747200818.966,0.0006999969482421875,1747200819.0,20.36,33.53,-21.14,24.36,72.42,-43.46,185.0
../dataset/Meca_insertion/Meca_1th_hand/front/zed_41182735_right_1747200818.966.jpg,1747200818.966,0.0006999969482421875,1747200819.0,20.36,33.53,-21.14,24.36,72.42,-43.46,185.0
../dataset/Meca_insertion/Meca_1th_hand/left/zed_44377151_right_1747200819.192.jpg,1747200819.192,0.0327000617980957,1747200819.258,20.39,33.57,-20.99,24.4,72.24,-43.53,185.06
../dataset/Meca_insertion/Meca_1th_hand/left/zed_44377151_left_1747200819.192.jpg,1747200819.192,0.0327000617980957,1747200819.258,20.39,33.57,-20.99,24.4,72.24,-43.53,185.06
../dataset/Meca_insertion/Meca_1th_hand/right/zed_49429257_right_1747200819.230.jpg,1747200819.23,0.005300045013427734,1747200819.258,20.39,33.57,-20.99,24.4,72.24,-43.53,185.06
../dataset/Meca_insertion/Meca_1th_hand/right/zed_49429257_left_1747200819.230.jpg,1747200819.23,0.005300045013427734,1747200819.258,20.39,33.57,-20.99,24.4,72.24,-43.53,185.06
../dataset/Meca_insertion/Meca_1th_hand/top/zed_49045152_left_1747200819.240.jpg,1747200819.24,0.01530003547668457,1747200819.258,20.39,33.57,-20.99,24.4,72.24,-43.53,185.06
../dataset/Meca_insertion/Meca_1th_hand/top/zed_49045152_right_1747200819.240.jpg,1747200819.24,0.01530003547668457,1747200819.258,20.39,33.57,-20.99,24.4,72.24,-43.53,185.06
../dataset/Meca_insertion/Meca_1th_hand/front/zed_41182735_right_1747200819.264.jpg,1747200819.264,0.039299964904785156,1747200819.258,20.39,33.57,-20.99,24.4,72.24,-43.53,185.06
../dataset/Meca_insertion/Meca_1th_hand/front/zed_41182735_left_1747200819.264.jpg,1747200819.264,0.039299964904785156,1747200819.258,20.39,33.57,-20.99,24.4,72.24,-43.53,185.06
../dataset/Meca_insertion/Meca_1th_hand/top/zed_49045152_right_1747200819.612.jpg,1747200819.612,0.04270005226135254,1747200819.688,20.6,33.82,-20.03,24.66,71.07,-43.93,185.41
../dataset/Meca_insertion/Meca_1th_hand/top/zed_49045152_left_1747200819.612.jpg,1747200819.612,0.04270005226135254,1747200819.688,20.6,33.82,-20.03,24.66,71.07,-43.93,185.41
../dataset/Meca_insertion/Meca_1th_hand/front/zed_41182735_left_1747200819.805.jpg,1747200819.805,0.04929995536804199,1747200819.789,20.64,33.87,-19.85,24.71,70.85,-44.0,185.47
../dataset/Meca_insertion/Meca_1th_hand/front/zed_41182735_right_1747200819.805.jpg,1747200819.805,0.04929995536804199,1747200819.789,20.64,33.87,-19.85,24.71,70.85,-44.0,185.47
../dataset/Meca_insertion/Meca_1th_hand/right/zed_49429257_right_1747200819.863.jpg,1747200819.863,0.0032999515533447266,1747200819.893,20.64,33.87,-19.82,24.72,70.81,-44.02,185.48
../dataset/Meca_insertion/Meca_1th_hand/right/zed_49429257_left_1747200819.863.jpg,1747200819.863,0.0032999515533447266,1747200819.893,20.64,33.87,-19.82,24.72,70.81,-44.02,185.48
../dataset/Meca_insertion/Meca_1th_hand/top/zed_49045152_right_1747200819.885.jpg,1747200819.885,0.025300025939941406,1747200819.893,20.64,33.87,-19.82,24.72,70.81,-44.02,185.48
../dataset/Meca_insertion/Meca_1th_hand/top/zed_49045152_left_1747200819.885.jpg,1747200819.885,0.025300025939941406,1747200819.893,20.64,33.87,-19.82,24.72,70.81,-44.02,185.48
../dataset/Meca_insertion/Meca_1th_hand/left/zed_44377151_left_1747200820.221.jpg,1747200820.221,0.00429987907409668,1747200820.25,20.78,34.04,-19.19,24.89,70.04,-44.28,185.67
../dataset/Meca_insertion/Meca_1th_hand/left/zed_44377151_right_1747200820.221.jpg,1747200820.221,0.00429987907409668,1747200820.25,20.78,34.04,-19.19,24.89,70.04,-44.28,185.67
../dataset/Meca_insertion/Meca_1th_hand/right/zed_49429257_right_1747200820.231.jpg,1747200820.231,0.014299869537353516,1747200820.25,20.78,34.04,-19.19,24.89,70.04,-44.28,185.67
../dataset/Meca_insertion/Meca_1th_hand/right/zed_49429257_left_1747200820.231.jpg,1747200820.231,0.014299869537353516,1747200820.25,20.78,34.04,-19.19,24.89,70.04,-44.28,185.67
../dataset/Meca_insertion/Meca_1th_hand/front/zed_41182735_right_1747200820.243.jpg,1747200820.243,0.02629995346069336,1747200820.25,20.78,34.04,-19.19,24.89,70.04,-44.28,185.67
../dataset/Meca_insertion/Meca_1th_hand/front/zed_41182735_left_1747200820.243.jpg,1747200820.243,0.02629995346069336,1747200820.25,20.78,34.04,-19.19,24.89,70.04,-44.28,185.67
../dataset/Meca_insertion/Meca_1th_hand/top/zed_49045152_right_1747200820.466.jpg,1747200820.466,0.0062999725341796875,1747200820.493,20.9,34.18,-18.65,25.03,69.38,-44.51,185.82
../dataset/Meca_insertion/Meca_1th_hand/top/zed_49045152_left_1747200820.466.jpg,1747200820.466,0.0062999725341796875,1747200820.493,20.9,34.18,-18.65,25.03,69.38,-44.51,185.82
../dataset/Meca_insertion/Meca_1th_hand/left/zed_44377151_left_1747200820.501.jpg,1747200820.501,0.04129981994628906,1747200820.493,20.9,34.18,-18.65,25.03,69.38,-44.51,185.82
../dataset/Meca_insertion/Meca_1th_hand/left/zed_44377151_right_1747200820.501.jpg,1747200820.501,0.04129981994628906,1747200820.493,20.9,34.18,-18.65,25.03,69.38,-44.51,185.82
../dataset/Meca_insertion/Meca_1th_hand/right/zed_49429257_right_1747200820.612.jpg,1747200820.612,0.029700040817260742,1747200820.675,20.98,34.28,-18.26,25.14,68.9,-44.67,185.92
../dataset/Meca_insertion/Meca_1th_hand/right/zed_49429257_left_1747200820.612.jpg,1747200820.612,0.029700040817260742,1747200820.675,20.98,34.28,-18.26,25.14,68.9,-44.67,185.92
../dataset/Meca_insertion/Meca_1th_hand/front/zed_41182735_left_1747200820.909.jpg,1747200820.909,0.025299787521362305,1747200820.917,21.04,34.35,-17.99,25.21,68.57,-44.78,185.98
../dataset/Meca_insertion/Meca_1th_hand/front/zed_41182735_right_1747200820.909.jpg,1747200820.909,0.025299787521362305,1747200820.917,21.04,34.35,-17.99,25.21,68.57,-44.78,185.98
../dataset/Meca_insertion/Meca_1th_hand/right/zed_49429257_left_1747200820.917.jpg,1747200820.917,0.033299922943115234,1747200820.917,21.04,34.35,-17.99,25.21,68.57,-44.78,185.98
../dataset/Meca_insertion/Meca_1th_hand/right/zed_49429257_right_1747200820.917.jpg,1747200820.917,0.033299922943115234,1747200820.917,21.04,34.35,-17.99,25.21,68.57,-44.78,185.98
../dataset/Meca_insertion/Meca_1th_hand/top/zed_49045152_left_1747200821.167.jpg,1747200821.167,0.04629993438720703,1747200821.154,21.17,34.5,-17.42,25.36,67.88,-45.02,186.1
../dataset/Meca_insertion/Meca_1th_hand/top/zed_49045152_right_1747200821.167.jpg,1747200821.167,0.04629993438720703,1747200821.154,21.17,34.5,-17.42,25.36,67.88,-45.02,186.1
../dataset/Meca_insertion/Meca_1th_hand/left/zed_44377151_left_1747200821.264.jpg,1747200821.264,0.04770016670227051,1747200821.345,21.24,34.59,-17.06,25.46,67.44,-45.17,186.16
../dataset/Meca_insertion/Meca_1th_hand/left/zed_44377151_right_1747200821.264.jpg,1747200821.264,0.04770016670227051,1747200821.345,21.24,34.59,-17.06,25.46,67.44,-45.17,186.16
../dataset/Meca_insertion/Meca_1th_hand/right/zed_49429257_right_1747200821.524.jpg,1747200821.524,0.024700164794921875,1747200821.582,21.29,34.65,-16.85,25.52,67.18,-45.26,186.2
../dataset/Meca_insertion/Meca_1th_hand/right/zed_49429257_left_1747200821.524.jpg,1747200821.524,0.024700164794921875,1747200821.582,21.29,34.65,-16.85,25.52,67.18,-45.26,186.2
../dataset/Meca_insertion/Meca_1th_hand/left/zed_44377151_left_1747200821.583.jpg,1747200821.583,0.03429985046386719,1747200821.582,21.29,34.65,-16.85,25.52,67.18,-45.26,186.2
../dataset/Meca_insertion/Meca_1th_hand/left/zed_44377151_right_1747200821.583.jpg,1747200821.583,0.03429985046386719,1747200821.582,21.29,34.65,-16.85,25.52,67.18,-45.26,186.2
../dataset/Meca_insertion/Meca_1th_hand/left/zed_44377151_left_1747200821.900.jpg,1747200821.9,0.01869988441467285,1747200821.952,21.43,34.82,-16.19,25.7,66.38,-45.53,186.29
../dataset/Meca_insertion/Meca_1th_hand/left/zed_44377151_right_1747200821.900.jpg,1747200821.9,0.01869988441467285,1747200821.952,21.43,34.82,-16.19,25.7,66.38,-45.53,186.29
../dataset/Meca_insertion/Meca_1th_hand/front/zed_41182735_right_1747200821.926.jpg,1747200821.926,0.007300138473510742,1747200821.952,21.43,34.82,-16.19,25.7,66.38,-45.53,186.29
../dataset/Meca_insertion/Meca_1th_hand/front/zed_41182735_left_1747200821.926.jpg,1747200821.926,0.007300138473510742,1747200821.952,21.43,34.82,-16.19,25.7,66.38,-45.53,186.29
../dataset/Meca_insertion/Meca_1th_hand/left/zed_44377151_right_1747200822.150.jpg,1747200822.15,0.0013000965118408203,1747200822.182,21.56,34.97,-15.62,25.85,65.68,-45.77,186.36
../dataset/Meca_insertion/Meca_1th_hand/left/zed_44377151_left_1747200822.150.jpg,1747200822.15,0.0013000965118408203,1747200822.182,21.56,34.97,-15.62,25.85,65.68,-45.77,186.36
../dataset/Meca_insertion/Meca_1th_hand/right/zed_49429257_left_1747200822.195.jpg,1747200822.195,0.04629993438720703,1747200822.182,21.56,34.97,-15.62,25.85,65.68,-45.77,186.36
../dataset/Meca_insertion/Meca_1th_hand/right/zed_49429257_right_1747200822.195.jpg,1747200822.195,0.04629993438720703,1747200822.182,21.56,34.97,-15.62,25.85,65.68,-45.77,186.36
../dataset/Meca_insertion/Meca_1th_hand/top/zed_49045152_right_1747200822.251.jpg,1747200822.251,0.007700204849243164,1747200822.292,21.57,34.98,-15.56,25.87,65.61,-45.8,186.36
../dataset/Meca_insertion/Meca_1th_hand/top/zed_49045152_left_1747200822.251.jpg,1747200822.251,0.007700204849243164,1747200822.292,21.57,34.98,-15.56,25.87,65.61,-45.8,186.36
../dataset/Meca_insertion/Meca_1th_hand/front/zed_41182735_left_1747200822.298.jpg,1747200822.298,0.039299964904785156,1747200822.292,21.57,34.98,-15.56,25.87,65.61,-45.8,186.36
../dataset/Meca_insertion/Meca_1th_hand/front/zed_41182735_right_1747200822.298.jpg,1747200822.298,0.039299964904785156,1747200822.292,21.57,34.98,-15.56,25.87,65.61,-45.8,186.36
../dataset/Meca_insertion/Meca_1th_hand/left/zed_44377151_right_1747200822.492.jpg,1747200822.492,0.0023000240325927734,1747200822.523,21.69,35.13,-14.99,26.02,64.92,-46.04,186.4
../dataset/Meca_insertion/Meca_1th_hand/left/zed_44377151_left_1747200822.492.jpg,1747200822.492,0.0023000240325927734,1747200822.523,21.69,35.13,-14.99,26.02,64.92,-46.04,186.4
../dataset/Meca_insertion/Meca_1th_hand/top/zed_49045152_right_1747200822.947.jpg,1747200822.947,0.041700124740600586,1747200823.022,21.9,35.38,-14.03,26.28,63.74,-46.44,186.43
../dataset/Meca_insertion/Meca_1th_hand/top/zed_49045152_left_1747200822.947.jpg,1747200822.947,0.041700124740600586,1747200823.022,21.9,35.38,-14.03,26.28,63.74,-46.44,186.43
../dataset/Meca_insertion/Meca_1th_hand/right/zed_49429257_left_1747200822.965.jpg,1747200822.965,0.023700237274169922,1747200823.022,21.9,35.38,-14.03,26.28,63.74,-46.44,186.43
../dataset/Meca_insertion/Meca_1th_hand/right/zed_49429257_right_1747200822.965.jpg,1747200822.965,0.023700237274169922,1747200823.022,21.9,35.38,-14.03,26.28,63.74,-46.44,186.43
../dataset/Meca_insertion/Meca_1th_hand/right/zed_49429257_left_1747200823.215.jpg,1747200823.215,0.018700122833251953,1747200823.267,21.96,35.44,-13.79,26.34,63.45,-46.54,186.43
../dataset/Meca_insertion/Meca_1th_hand/right/zed_49429257_right_1747200823.215.jpg,1747200823.215,0.018700122833251953,1747200823.267,21.96,35.44,-13.79,26.34,63.45,-46.54,186.43
../dataset/Meca_insertion/Meca_1th_hand/front/zed_41182735_left_1747200823.273.jpg,1747200823.273,0.039299964904785156,1747200823.267,21.96,35.44,-13.79,26.34,63.45,-46.54,186.43
../dataset/Meca_insertion/Meca_1th_hand/front/zed_41182735_right_1747200823.273.jpg,1747200823.273,0.039299964904785156,1747200823.267,21.96,35.44,-13.79,26.34,63.45,-46.54,186.43
../dataset/Meca_insertion/Meca_1th_hand/top/zed_49045152_right_1747200823.304.jpg,1747200823.304,0.035700082778930664,1747200823.373,22.04,35.54,-13.4,26.45,62.98,-46.7,186.43
../dataset/Meca_insertion/Meca_1th_hand/top/zed_49045152_left_1747200823.304.jpg,1747200823.304,0.035700082778930664,1747200823.373,22.04,35.54,-13.4,26.45,62.98,-46.7,186.43
../dataset/Meca_insertion/Meca_1th_hand/left/zed_44377151_left_1747200823.563.jpg,1747200823.563,0.010700225830078125,1747200823.607,22.09,35.6,-13.19,26.5,62.72,-46.79,186.42
../dataset/Meca_insertion/Meca_1th_hand/left/zed_44377151_right_1747200823.563.jpg,1747200823.563,0.010700225830078125,1747200823.607,22.09,35.6,-13.19,26.5,62.72,-46.79,186.42
../dataset/Meca_insertion/Meca_1th_hand/top/zed_49045152_right_1747200823.601.jpg,1747200823.601,0.027299880981445312,1747200823.607,22.09,35.6,-13.19,26.5,62.72,-46.79,186.42
../dataset/Meca_insertion/Meca_1th_hand/top/zed_49045152_left_1747200823.601.jpg,1747200823.601,0.027299880981445312,1747200823.607,22.09,35.6,-13.19,26.5,62.72,-46.79,186.42
../dataset/Meca_insertion/Meca_1th_hand/right/zed_49429257_left_1747200823.828.jpg,1747200823.828,0.0046999454498291016,1747200823.866,22.22,35.75,-12.59,26.67,61.99,-47.04,186.39
../dataset/Meca_insertion/Meca_1th_hand/right/zed_49429257_right_1747200823.828.jpg,1747200823.828,0.0046999454498291016,1747200823.866,22.22,35.75,-12.59,26.67,61.99,-47.04,186.39
../dataset/Meca_insertion/Meca_1th_hand/left/zed_44377151_left_1747200824.220.jpg,1747200824.22,0.015700101852416992,1747200824.269,22.35,35.91,-11.99,26.83,61.25,-47.29,186.33
../dataset/Meca_insertion/Meca_1th_hand/left/zed_44377151_right_1747200824.220.jpg,1747200824.22,0.015700101852416992,1747200824.269,22.35,35.91,-11.99,26.83,61.25,-47.29,186.33
../dataset/Meca_insertion/Meca_1th_hand/front/zed_41182735_left_1747200824.270.jpg,1747200824.27,0.03429985046386719,1747200824.269,22.35,35.91,-11.99,26.83,61.25,-47.29,186.33
../dataset/Meca_insertion/Meca_1th_hand/front/zed_41182735_right_1747200824.270.jpg,1747200824.27,0.03429985046386719,1747200824.269,22.35,35.91,-11.99,26.83,61.25,-47.29,186.33
../dataset/Meca_insertion/Meca_1th_hand/top/zed_49045152_right_1747200824.285.jpg,1747200824.285,0.04929995536804199,1747200824.269,22.35,35.91,-11.99,26.83,61.25,-47.29,186.33
../dataset/Meca_insertion/Meca_1th_hand/top/zed_49045152_left_1747200824.285.jpg,1747200824.285,0.04929995536804199,1747200824.269,22.35,35.91,-11.99,26.83,61.25,-47.29,186.33
../dataset/Meca_insertion/Meca_1th_hand/right/zed_49429257_right_1747200824.507.jpg,1747200824.507,0.04629993438720703,1747200824.494,22.48,36.06,-11.39,26.99,60.52,-47.54,186.26
../dataset/Meca_insertion/Meca_1th_hand/right/zed_49429257_left_1747200824.507.jpg,1747200824.507,0.04629993438720703,1747200824.494,22.48,36.06,-11.39,26.99,60.52,-47.54,186.26
../dataset/Meca_insertion/Meca_1th_hand/top/zed_49045152_left_1747200824.567.jpg,1747200824.567,0.007700204849243164,1747200824.608,22.48,36.06,-11.39,26.99,60.52,-47.54,186.26
../dataset/Meca_insertion/Meca_1th_hand/top/zed_49045152_right_1747200824.567.jpg,1747200824.567,0.007700204849243164,1747200824.608,22.48,36.06,-11.39,26.99,60.52,-47.54,186.26
../dataset/Meca_insertion/Meca_1th_hand/front/zed_41182735_right_1747200824.592.jpg,1747200824.592,0.017299890518188477,1747200824.608,22.48,36.06,-11.39,26.99,60.52,-47.54,186.26
../dataset/Meca_insertion/Meca_1th_hand/front/zed_41182735_left_1747200824.592.jpg,1747200824.592,0.017299890518188477,1747200824.608,22.48,36.06,-11.39,26.99,60.52,-47.54,186.26
../dataset/Meca_insertion/Meca_1th_hand/top/zed_49045152_left_1747200824.876.jpg,1747200824.876,0.0327000617980957,1747200824.942,22.63,36.24,-10.7,27.18,59.68,-47.83,186.15
../dataset/Meca_insertion/Meca_1th_hand/top/zed_49045152_right_1747200824.876.jpg,1747200824.876,0.0327000617980957,1747200824.942,22.63,36.24,-10.7,27.18,59.68,-47.83,186.15
../dataset/Meca_insertion/Meca_1th_hand/right/zed_49429257_left_1747200824.942.jpg,1747200824.942,0.033299922943115234,1747200824.942,22.63,36.24,-10.7,27.18,59.68,-47.83,186.15
../dataset/Meca_insertion/Meca_1th_hand/right/zed_49429257_right_1747200824.942.jpg,1747200824.942,0.033299922943115234,1747200824.942,22.63,36.24,-10.7,27.18,59.68,-47.83,186.15
../dataset/Meca_insertion/Meca_1th_hand/front/zed_41182735_left_1747200824.955.jpg,1747200824.955,0.04629993438720703,1747200824.942,22.63,36.24,-10.7,27.18,59.68,-47.83,186.15
../dataset/Meca_insertion/Meca_1th_hand/front/zed_41182735_right_1747200824.955.jpg,1747200824.955,0.04629993438720703,1747200824.942,22.63,36.24,-10.7,27.18,59.68,-47.83,186.15
../dataset/Meca_insertion/Meca_1th_hand/top/zed_49045152_left_1747200825.145.jpg,1747200825.145,0.002299785614013672,1747200825.176,22.73,36.37,-10.22,27.3,59.09,-48.03,186.06
../dataset/Meca_insertion/Meca_1th_hand/top/zed_49045152_right_1747200825.145.jpg,1747200825.145,0.002299785614013672,1747200825.176,22.73,36.37,-10.22,27.3,59.09,-48.03,186.06
../dataset/Meca_insertion/Meca_1th_hand/right/zed_49429257_right_1747200825.199.jpg,1747200825.199,0.049700260162353516,1747200825.282,22.79,36.43,-9.98,27.37,58.8,-48.13,186.01
../dataset/Meca_insertion/Meca_1th_hand/right/zed_49429257_left_1747200825.199.jpg,1747200825.199,0.049700260162353516,1747200825.282,22.79,36.43,-9.98,27.37,58.8,-48.13,186.01
../dataset/Meca_insertion/Meca_1th_hand/left/zed_44377151_left_1747200825.243.jpg,1747200825.243,0.005700111389160156,1747200825.282,22.79,36.43,-9.98,27.37,58.8,-48.13,186.01
../dataset/Meca_insertion/Meca_1th_hand/left/zed_44377151_right_1747200825.243.jpg,1747200825.243,0.005700111389160156,1747200825.282,22.79,36.43,-9.98,27.37,58.8,-48.13,186.01
../dataset/Meca_insertion/Meca_1th_hand/front/zed_41182735_left_1747200825.288.jpg,1747200825.288,0.039299964904785156,1747200825.282,22.79,36.43,-9.98,27.37,58.8,-48.13,186.01
../dataset/Meca_insertion/Meca_1th_hand/front/zed_41182735_right_1747200825.288.jpg,1747200825.288,0.039299964904785156,1747200825.282,22.79,36.43,-9.98,27.37,58.8,-48.13,186.01
../dataset/Meca_insertion/Meca_1th_hand/top/zed_49045152_left_1747200825.455.jpg,1747200825.455,0.004700183868408203,1747200825.493,22.86,36.52,-9.62,27.47,58.36,-48.28,185.93
../dataset/Meca_insertion/Meca_1th_hand/top/zed_49045152_right_1747200825.455.jpg,1747200825.455,0.004700183868408203,1747200825.493,22.86,36.52,-9.62,27.47,58.36,-48.28,185.93
../dataset/Meca_insertion/Meca_1th_hand/right/zed_49429257_left_1747200825.493.jpg,1747200825.493,0.033299922943115234,1747200825.493,22.86,36.52,-9.62,27.47,58.36,-48.28,185.93
../dataset/Meca_insertion/Meca_1th_hand/right/zed_49429257_right_1747200825.493.jpg,1747200825.493,0.033299922943115234,1747200825.493,22.86,36.52,-9.62,27.47,58.36,-48.28,185.93
../dataset/Meca_insertion/Meca_1th_hand/front/zed_41182735_right_1747200825.584.jpg,1747200825.584,0.008699893951416016,1747200825.626,22.92,36.59,-9.38,27.53,58.07,-48.38,185.87
../dataset/Meca_insertion/Meca_1th_hand/front/zed_41182735_left_1747200825.584.jpg,1747200825.584,0.008699893951416016,1747200825.626,22.92,36.59,-9.38,27.53,58.07,-48.38,185.87
../dataset/Meca_insertion/Meca_1th_hand/top/zed_49045152_right_1747200825.764.jpg,1747200825.764,0.046700239181518555,1747200825.844,22.97,36.66,-9.11,27.6,57.74,-48.5,185.8
../dataset/Meca_insertion/Meca_1th_hand/top/zed_49045152_left_1747200825.764.jpg,1747200825.764,0.046700239181518555,1747200825.844,22.97,36.66,-9.11,27.6,57.74,-48.5,185.8
../dataset/Meca_insertion/Meca_1th_hand/left/zed_44377151_left_1747200825.823.jpg,1747200825.823,0.012299776077270508,1747200825.844,22.97,36.66,-9.11,27.6,57.74,-48.5,185.8
../dataset/Meca_insertion/Meca_1th_hand/left/zed_44377151_right_1747200825.823.jpg,1747200825.823,0.012299776077270508,1747200825.844,22.97,36.66,-9.11,27.6,57.74,-48.5,185.8
../dataset/Meca_insertion/Meca_1th_hand/front/zed_41182735_left_1747200825.858.jpg,1747200825.858,0.047299861907958984,1747200825.844,22.97,36.66,-9.11,27.6,57.74,-48.5,185.8
../dataset/Meca_insertion/Meca_1th_hand/front/zed_41182735_right_1747200825.858.jpg,1747200825.858,0.047299861907958984,1747200825.844,22.97,36.66,-9.11,27.6,57.74,-48.5,185.8
../dataset/Meca_insertion/Meca_1th_hand/top/zed_49045152_right_1747200826.058.jpg,1747200826.058,0.011699914932250977,1747200826.103,23.09,36.8,-8.57,27.75,57.08,-48.72,185.66
../dataset/Meca_insertion/Meca_1th_hand/top/zed_49045152_left_1747200826.058.jpg,1747200826.058,0.011699914932250977,1747200826.103,23.09,36.8,-8.57,27.75,57.08,-48.72,185.66
../dataset/Meca_insertion/Meca_1th_hand/left/zed_44377151_left_1747200826.103.jpg,1747200826.103,0.033299922943115234,1747200826.103,23.09,36.8,-8.57,27.75,57.08,-48.72,185.66
../dataset/Meca_insertion/Meca_1th_hand/left/zed_44377151_right_1747200826.103.jpg,1747200826.103,0.033299922943115234,1747200826.103,23.09,36.8,-8.57,27.75,57.08,-48.72,185.66
../dataset/Meca_insertion/Meca_1th_hand/front/zed_41182735_right_1747200826.152.jpg,1747200826.152,0.04070019721984863,1747200826.226,23.16,36.88,-8.27,27.83,56.71,-48.85,185.57
../dataset/Meca_insertion/Meca_1th_hand/front/zed_41182735_left_1747200826.152.jpg,1747200826.152,0.04070019721984863,1747200826.226,23.16,36.88,-8.27,27.83,56.71,-48.85,185.57
../dataset/Meca_insertion/Meca_1th_hand/right/zed_49429257_right_1747200826.159.jpg,1747200826.159,0.03370022773742676,1747200826.226,23.16,36.88,-8.27,27.83,56.71,-48.85,185.57
../dataset/Meca_insertion/Meca_1th_hand/right/zed_49429257_left_1747200826.159.jpg,1747200826.159,0.03370022773742676,1747200826.226,23.16,36.88,-8.27,27.83,56.71,-48.85,185.57
../dataset/Meca_insertion/Meca_1th_hand/top/zed_49045152_left_1747200826.324.jpg,1747200826.324,0.003299713134765625,1747200826.354,23.19,36.92,-8.12,27.87,56.53,-48.91,185.52
../dataset/Meca_insertion/Meca_1th_hand/top/zed_49045152_right_1747200826.324.jpg,1747200826.324,0.003299713134765625,1747200826.354,23.19,36.92,-8.12,27.87,56.53,-48.91,185.52
../dataset/Meca_insertion/Meca_1th_hand/right/zed_49429257_left_1747200826.440.jpg,1747200826.44,0.005700111389160156,1747200826.479,23.22,36.95,-8.0,27.9,56.39,-48.96,185.48
../dataset/Meca_insertion/Meca_1th_hand/right/zed_49429257_right_1747200826.440.jpg,1747200826.44,0.005700111389160156,1747200826.479,23.22,36.95,-8.0,27.9,56.39,-48.96,185.48
../dataset/Meca_insertion/Meca_1th_hand/left/zed_44377151_right_1747200826.484.jpg,1747200826.484,0.0382997989654541,1747200826.479,23.22,36.95,-8.0,27.9,56.39,-48.96,185.48
../dataset/Meca_insertion/Meca_1th_hand/left/zed_44377151_left_1747200826.484.jpg,1747200826.484,0.0382997989654541,1747200826.479,23.22,36.95,-8.0,27.9,56.39,-48.96,185.48
../dataset/Meca_insertion/Meca_1th_hand/front/zed_41182735_right_1747200826.726.jpg,1747200826.726,0.03469991683959961,1747200826.794,23.33,37.08,-7.49,28.04,55.76,-49.17,185.31
../dataset/Meca_insertion/Meca_1th_hand/front/zed_41182735_left_1747200826.726.jpg,1747200826.726,0.03469991683959961,1747200826.794,23.33,37.08,-7.49,28.04,55.76,-49.17,185.31
../dataset/Meca_insertion/Meca_1th_hand/left/zed_44377151_left_1747200826.755.jpg,1747200826.755,0.005699872970581055,1747200826.794,23.33,37.08,-7.49,28.04,55.76,-49.17,185.31
../dataset/Meca_insertion/Meca_1th_hand/left/zed_44377151_right_1747200826.755.jpg,1747200826.755,0.005699872970581055,1747200826.794,23.33,37.08,-7.49,28.04,55.76,-49.17,185.31
../dataset/Meca_insertion/Meca_1th_hand/right/zed_49429257_right_1747200826.805.jpg,1747200826.805,0.044300079345703125,1747200826.794,23.33,37.08,-7.49,28.04,55.76,-49.17,185.31
../dataset/Meca_insertion/Meca_1th_hand/right/zed_49429257_left_1747200826.805.jpg,1747200826.805,0.044300079345703125,1747200826.794,23.33,37.08,-7.49,28.04,55.76,-49.17,185.31
../dataset/Meca_insertion/Meca_1th_hand/top/zed_49045152_left_1747200826.991.jpg,1747200826.991,0.002299785614013672,1747200827.022,23.45,37.23,-6.92,28.19,55.07,-49.41,185.11
../dataset/Meca_insertion/Meca_1th_hand/top/zed_49045152_right_1747200826.991.jpg,1747200826.991,0.002299785614013672,1747200827.022,23.45,37.23,-6.92,28.19,55.07,-49.41,185.11
../dataset/Meca_insertion/Meca_1th_hand/left/zed_44377151_right_1747200827.030.jpg,1747200827.03,0.04129981994628906,1747200827.022,23.45,37.23,-6.92,28.19,55.07,-49.41,185.11
../dataset/Meca_insertion/Meca_1th_hand/left/zed_44377151_left_1747200827.030.jpg,1747200827.03,0.04129981994628906,1747200827.022,23.45,37.23,-6.92,28.19,55.07,-49.41,185.11
../dataset/Meca_insertion/Meca_1th_hand/right/zed_49429257_left_1747200827.138.jpg,1747200827.138,0.027699947357177734,1747200827.199,23.51,37.3,-6.65,28.27,54.73,-49.53,185.0
../dataset/Meca_insertion/Meca_1th_hand/right/zed_49429257_right_1747200827.138.jpg,1747200827.138,0.027699947357177734,1747200827.199,23.51,37.3,-6.65,28.27,54.73,-49.53,185.0
../dataset/Meca_insertion/Meca_1th_hand/top/zed_49045152_left_1747200827.307.jpg,1747200827.307,0.0012998580932617188,1747200827.339,23.48,37.27,-6.77,28.23,54.88,-49.48,185.05
../dataset/Meca_insertion/Meca_1th_hand/top/zed_49045152_right_1747200827.307.jpg,1747200827.307,0.0012998580932617188,1747200827.339,23.48,37.27,-6.77,28.23,54.88,-49.48,185.05
../dataset/Meca_insertion/Meca_1th_hand/left/zed_44377151_left_1747200827.371.jpg,1747200827.371,0.03769993782043457,1747200827.442,23.44,37.21,-6.98,28.18,55.14,-49.39,185.13
../dataset/Meca_insertion/Meca_1th_hand/left/zed_44377151_right_1747200827.371.jpg,1747200827.371,0.03769993782043457,1747200827.442,23.44,37.21,-6.98,28.18,55.14,-49.39,185.13
../dataset/Meca_insertion/Meca_1th_hand/front/zed_41182735_right_1747200827.404.jpg,1747200827.404,0.0046999454498291016,1747200827.442,23.44,37.21,-6.98,28.18,55.14,-49.39,185.13
../dataset/Meca_insertion/Meca_1th_hand/front/zed_41182735_left_1747200827.404.jpg,1747200827.404,0.0046999454498291016,1747200827.442,23.44,37.21,-6.98,28.18,55.14,-49.39,185.13
../dataset/Meca_insertion/Meca_1th_hand/right/zed_49429257_right_1747200827.417.jpg,1747200827.417,0.008300065994262695,1747200827.442,23.44,37.21,-6.98,28.18,55.14,-49.39,185.13
../dataset/Meca_insertion/Meca_1th_hand/right/zed_49429257_left_1747200827.417.jpg,1747200827.417,0.008300065994262695,1747200827.442,23.44,37.21,-6.98,28.18,55.14,-49.39,185.13
../dataset/Meca_insertion/Meca_1th_hand/left/zed_44377151_left_1747200827.725.jpg,1747200827.725,0.016700267791748047,1747200827.775,23.36,37.12,-7.34,28.08,55.58,-49.24,185.26
../dataset/Meca_insertion/Meca_1th_hand/left/zed_44377151_right_1747200827.725.jpg,1747200827.725,0.016700267791748047,1747200827.775,23.36,37.12,-7.34,28.08,55.58,-49.24,185.26
../dataset/Meca_insertion/Meca_1th_hand/right/zed_49429257_left_1747200827.748.jpg,1747200827.748,0.006299734115600586,1747200827.775,23.36,37.12,-7.34,28.08,55.58,-49.24,185.26
../dataset/Meca_insertion/Meca_1th_hand/right/zed_49429257_right_1747200827.748.jpg,1747200827.748,0.006299734115600586,1747200827.775,23.36,37.12,-7.34,28.08,55.58,-49.24,185.26
../dataset/Meca_insertion/Meca_1th_hand/left/zed_44377151_right_1747200828.053.jpg,1747200828.053,0.008700132369995117,1747200828.095,23.23,36.96,-7.94,27.92,56.31,-48.99,185.46
../dataset/Meca_insertion/Meca_1th_hand/left/zed_44377151_left_1747200828.053.jpg,1747200828.053,0.008700132369995117,1747200828.095,23.23,36.96,-7.94,27.92,56.31,-48.99,185.46
../dataset/Meca_insertion/Meca_1th_hand/right/zed_49429257_right_1747200828.077.jpg,1747200828.077,0.015299797058105469,1747200828.095,23.23,36.96,-7.94,27.92,56.31,-48.99,185.46
../dataset/Meca_insertion/Meca_1th_hand/right/zed_49429257_left_1747200828.077.jpg,1747200828.077,0.015299797058105469,1747200828.095,23.23,36.96,-7.94,27.92,56.31,-48.99,185.46
../dataset/Meca_insertion/Meca_1th_hand/front/zed_41182735_right_1747200828.121.jpg,1747200828.121,0.041700124740600586,1747200828.196,23.14,36.86,-8.33,27.81,56.79,-48.82,185.58
../dataset/Meca_insertion/Meca_1th_hand/front/zed_41182735_left_1747200828.121.jpg,1747200828.121,0.041700124740600586,1747200828.196,23.14,36.86,-8.33,27.81,56.79,-48.82,185.58
../dataset/Meca_insertion/Meca_1th_hand/right/zed_49429257_right_1747200828.389.jpg,1747200828.389,0.00370025634765625,1747200828.426,23.09,36.79,-8.6,27.74,57.12,-48.71,185.66
../dataset/Meca_insertion/Meca_1th_hand/right/zed_49429257_left_1747200828.389.jpg,1747200828.389,0.00370025634765625,1747200828.426,23.09,36.79,-8.6,27.74,57.12,-48.71,185.66
../dataset/Meca_insertion/Meca_1th_hand/top/zed_49045152_right_1747200828.465.jpg,1747200828.465,0.03970026969909668,1747200828.538,23.01,36.7,-8.93,27.65,57.52,-48.57,185.76
../dataset/Meca_insertion/Meca_1th_hand/top/zed_49045152_left_1747200828.465.jpg,1747200828.465,0.03970026969909668,1747200828.538,23.01,36.7,-8.93,27.65,57.52,-48.57,185.76
../dataset/Meca_insertion/Meca_1th_hand/left/zed_44377151_right_1747200828.652.jpg,1747200828.652,0.013299942016601562,1747200828.672,22.97,36.65,-9.14,27.6,57.78,-48.48,185.81
../dataset/Meca_insertion/Meca_1th_hand/left/zed_44377151_left_1747200828.652.jpg,1747200828.652,0.013299942016601562,1747200828.672,22.97,36.65,-9.14,27.6,57.78,-48.48,185.81
../dataset/Meca_insertion/Meca_1th_hand/front/zed_41182735_right_1747200828.704.jpg,1747200828.704,0.038700103759765625,1747200828.776,22.93,36.6,-9.32,27.55,58.0,-48.41,185.86
../dataset/Meca_insertion/Meca_1th_hand/front/zed_41182735_left_1747200828.704.jpg,1747200828.704,0.038700103759765625,1747200828.776,22.93,36.6,-9.32,27.55,58.0,-48.41,185.86
../dataset/Meca_insertion/Meca_1th_hand/top/zed_49045152_right_1747200828.763.jpg,1747200828.763,0.020299911499023438,1747200828.776,22.93,36.6,-9.32,27.55,58.0,-48.41,185.86
../dataset/Meca_insertion/Meca_1th_hand/top/zed_49045152_left_1747200828.763.jpg,1747200828.763,0.020299911499023438,1747200828.776,22.93,36.6,-9.32,27.55,58.0,-48.41,185.86
../dataset/Meca_insertion/Meca_1th_hand/right/zed_49429257_left_1747200828.776.jpg,1747200828.776,0.033299922943115234,1747200828.776,22.93,36.6,-9.32,27.55,58.0,-48.41,185.86
../dataset/Meca_insertion/Meca_1th_hand/right/zed_49429257_right_1747200828.776.jpg,1747200828.776,0.033299922943115234,1747200828.776,22.93,36.6,-9.32,27.55,58.0,-48.41,185.86
../dataset/Meca_insertion/Meca_1th_hand/left/zed_44377151_right_1747200828.969.jpg,1747200828.969,0.0013000965118408203,1747200829.001,22.83,36.49,-9.77,27.43,58.54,-48.22,185.96
../dataset/Meca_insertion/Meca_1th_hand/left/zed_44377151_left_1747200828.969.jpg,1747200828.969,0.0013000965118408203,1747200829.001,22.83,36.49,-9.77,27.43,58.54,-48.22,185.96
../dataset/Meca_insertion/Meca_1th_hand/right/zed_49429257_right_1747200829.038.jpg,1747200829.038,0.04869985580444336,1747200829.12,22.82,36.47,-9.83,27.41,58.62,-48.2,185.98
../dataset/Meca_insertion/Meca_1th_hand/right/zed_49429257_left_1747200829.038.jpg,1747200829.038,0.04869985580444336,1747200829.12,22.82,36.47,-9.83,27.41,58.62,-48.2,185.98
../dataset/Meca_insertion/Meca_1th_hand/top/zed_49045152_left_1747200829.077.jpg,1747200829.077,0.00970005989074707,1747200829.12,22.82,36.47,-9.83,27.41,58.62,-48.2,185.98
../dataset/Meca_insertion/Meca_1th_hand/top/zed_49045152_right_1747200829.077.jpg,1747200829.077,0.00970005989074707,1747200829.12,22.82,36.47,-9.83,27.41,58.62,-48.2,185.98
../dataset/Meca_insertion/Meca_1th_hand/front/zed_41182735_left_1747200829.127.jpg,1747200829.127,0.04030013084411621,1747200829.12,22.82,36.47,-9.83,27.41,58.62,-48.2,185.98
../dataset/Meca_insertion/Meca_1th_hand/front/zed_41182735_right_1747200829.127.jpg,1747200829.127,0.04030013084411621,1747200829.12,22.82,36.47,-9.83,27.41,58.62,-48.2,185.98
../dataset/Meca_insertion/Meca_1th_hand/top/zed_49045152_right_1747200829.374.jpg,1747200829.374,0.014699935913085938,1747200829.422,22.71,36.34,-10.34,27.27,59.24,-47.98,186.08
../dataset/Meca_insertion/Meca_1th_hand/top/zed_49045152_left_1747200829.374.jpg,1747200829.374,0.014699935913085938,1747200829.422,22.71,36.34,-10.34,27.27,59.24,-47.98,186.08
../dataset/Meca_insertion/Meca_1th_hand/left/zed_44377151_left_1747200829.422.jpg,1747200829.422,0.033299922943115234,1747200829.422,22.71,36.34,-10.34,27.27,59.24,-47.98,186.08
../dataset/Meca_insertion/Meca_1th_hand/left/zed_44377151_right_1747200829.422.jpg,1747200829.422,0.033299922943115234,1747200829.422,22.71,36.34,-10.34,27.27,59.24,-47.98,186.08
../dataset/Meca_insertion/Meca_1th_hand/right/zed_49429257_left_1747200829.430.jpg,1747200829.43,0.041300058364868164,1747200829.422,22.71,36.34,-10.34,27.27,59.24,-47.98,186.08
../dataset/Meca_insertion/Meca_1th_hand/right/zed_49429257_right_1747200829.430.jpg,1747200829.43,0.041300058364868164,1747200829.422,22.71,36.34,-10.34,27.27,59.24,-47.98,186.08
../dataset/Meca_insertion/Meca_1th_hand/left/zed_44377151_left_1747200829.674.jpg,1747200829.674,0.03970003128051758,1747200829.747,22.56,36.17,-11.0,27.09,60.04,-47.71,186.2
../dataset/Meca_insertion/Meca_1th_hand/left/zed_44377151_right_1747200829.674.jpg,1747200829.674,0.03970003128051758,1747200829.747,22.56,36.17,-11.0,27.09,60.04,-47.71,186.2
../dataset/Meca_insertion/Meca_1th_hand/top/zed_49045152_left_1747200829.736.jpg,1747200829.736,0.022300004959106445,1747200829.747,22.56,36.17,-11.0,27.09,60.04,-47.71,186.2
../dataset/Meca_insertion/Meca_1th_hand/top/zed_49045152_right_1747200829.736.jpg,1747200829.736,0.022300004959106445,1747200829.747,22.56,36.17,-11.0,27.09,60.04,-47.71,186.2
../dataset/Meca_insertion/Meca_1th_hand/front/zed_41182735_left_1747200829.748.jpg,1747200829.748,0.03429985046386719,1747200829.747,22.56,36.17,-11.0,27.09,60.04,-47.71,186.2
../dataset/Meca_insertion/Meca_1th_hand/front/zed_41182735_right_1747200829.748.jpg,1747200829.748,0.03429985046386719,1747200829.747,22.56,36.17,-11.0,27.09,60.04,-47.71,186.2
../dataset/Meca_insertion/Meca_1th_hand/right/zed_49429257_left_1747200829.763.jpg,1747200829.763,0.04929995536804199,1747200829.747,22.56,36.17,-11.0,27.09,60.04,-47.71,186.2
../dataset/Meca_insertion/Meca_1th_hand/right/zed_49429257_right_1747200829.763.jpg,1747200829.763,0.04929995536804199,1747200829.747,22.56,36.17,-11.0,27.09,60.04,-47.71,186.2
../dataset/Meca_insertion/Meca_1th_hand/front/zed_41182735_left_1747200830.022.jpg,1747200830.022,0.0076999664306640625,1747200830.063,22.43,36.0,-11.63,26.92,60.81,-47.44,186.29
../dataset/Meca_insertion/Meca_1th_hand/front/zed_41182735_right_1747200830.022.jpg,1747200830.022,0.0076999664306640625,1747200830.063,22.43,36.0,-11.63,26.92,60.81,-47.44,186.29
../dataset/Meca_insertion/Meca_1th_hand/left/zed_44377151_left_1747200830.042.jpg,1747200830.042,0.01230001449584961,1747200830.063,22.43,36.0,-11.63,26.92,60.81,-47.44,186.29
../dataset/Meca_insertion/Meca_1th_hand/left/zed_44377151_right_1747200830.042.jpg,1747200830.042,0.01230001449584961,1747200830.063,22.43,36.0,-11.63,26.92,60.81,-47.44,186.29
../dataset/Meca_insertion/Meca_1th_hand/right/zed_49429257_right_1747200830.051.jpg,1747200830.051,0.021300077438354492,1747200830.063,22.43,36.0,-11.63,26.92,60.81,-47.44,186.29
../dataset/Meca_insertion/Meca_1th_hand/right/zed_49429257_left_1747200830.051.jpg,1747200830.051,0.021300077438354492,1747200830.063,22.43,36.0,-11.63,26.92,60.81,-47.44,186.29
../dataset/Meca_insertion/Meca_1th_hand/top/zed_49045152_left_1747200830.073.jpg,1747200830.073,0.04329991340637207,1747200830.063,22.43,36.0,-11.63,26.92,60.81,-47.44,186.29
../dataset/Meca_insertion/Meca_1th_hand/top/zed_49045152_right_1747200830.073.jpg,1747200830.073,0.04329991340637207,1747200830.063,22.43,36.0,-11.63,26.92,60.81,-47.44,186.29
../dataset/Meca_insertion/Meca_1th_hand/top/zed_49045152_right_1747200830.335.jpg,1747200830.335,0.0046999454498291016,1747200830.373,22.33,35.89,-12.08,26.8,61.36,-47.25,186.34
../dataset/Meca_insertion/Meca_1th_hand/top/zed_49045152_left_1747200830.335.jpg,1747200830.335,0.0046999454498291016,1747200830.373,22.33,35.89,-12.08,26.8,61.36,-47.25,186.34
../dataset/Meca_insertion/Meca_1th_hand/front/zed_41182735_right_1747200830.355.jpg,1747200830.355,0.01530003547668457,1747200830.373,22.33,35.89,-12.08,26.8,61.36,-47.25,186.34
../dataset/Meca_insertion/Meca_1th_hand/front/zed_41182735_left_1747200830.355.jpg,1747200830.355,0.01530003547668457,1747200830.373,22.33,35.89,-12.08,26.8,61.36,-47.25,186.34
../dataset/Meca_insertion/Meca_1th_hand/left/zed_44377151_right_1747200830.373.jpg,1747200830.373,0.033299922943115234,1747200830.373,22.33,35.89,-12.08,26.8,61.36,-47.25,186.34
../dataset/Meca_insertion/Meca_1th_hand/left/zed_44377151_left_1747200830.373.jpg,1747200830.373,0.033299922943115234,1747200830.373,22.33,35.89,-12.08,26.8,61.36,-47.25,186.34
../dataset/Meca_insertion/Meca_1th_hand/right/zed_49429257_left_1747200830.379.jpg,1747200830.379,0.039299964904785156,1747200830.373,22.33,35.89,-12.08,26.8,61.36,-47.25,186.34
../dataset/Meca_insertion/Meca_1th_hand/right/zed_49429257_right_1747200830.379.jpg,1747200830.379,0.039299964904785156,1747200830.373,22.33,35.89,-12.08,26.8,61.36,-47.25,186.34
../dataset/Meca_insertion/Meca_1th_hand/front/zed_41182735_left_1747200830.606.jpg,1747200830.606,0.04829978942871094,1747200830.591,22.2,35.74,-12.65,26.65,62.06,-47.02,186.39
../dataset/Meca_insertion/Meca_1th_hand/front/zed_41182735_right_1747200830.606.jpg,1747200830.606,0.04829978942871094,1747200830.591,22.2,35.74,-12.65,26.65,62.06,-47.02,186.39
../dataset/Meca_insertion/Meca_1th_hand/right/zed_49429257_left_1747200830.726.jpg,1747200830.726,0.03430008888244629,1747200830.725,22.2,35.73,-12.68,26.64,62.09,-47.0,186.39
../dataset/Meca_insertion/Meca_1th_hand/right/zed_49429257_right_1747200830.726.jpg,1747200830.726,0.03430008888244629,1747200830.725,22.2,35.73,-12.68,26.64,62.09,-47.0,186.39
../dataset/Meca_insertion/Meca_1th_hand/left/zed_44377151_right_1747200830.731.jpg,1747200830.731,0.039299964904785156,1747200830.725,22.2,35.73,-12.68,26.64,62.09,-47.0,186.39
../dataset/Meca_insertion/Meca_1th_hand/left/zed_44377151_left_1747200830.731.jpg,1747200830.731,0.039299964904785156,1747200830.725,22.2,35.73,-12.68,26.64,62.09,-47.0,186.39
../dataset/Meca_insertion/Meca_1th_hand/top/zed_49045152_left_1747200830.756.jpg,1747200830.756,0.03670001029968262,1747200830.826,22.11,35.63,-13.07,26.54,62.57,-46.84,186.41
../dataset/Meca_insertion/Meca_1th_hand/top/zed_49045152_right_1747200830.756.jpg,1747200830.756,0.03670001029968262,1747200830.826,22.11,35.63,-13.07,26.54,62.57,-46.84,186.41
../dataset/Meca_insertion/Meca_1th_hand/left/zed_44377151_right_1747200831.073.jpg,1747200831.073,0.025299787521362305,1747200831.081,22.05,35.55,-13.37,26.46,62.94,-46.71,186.43
../dataset/Meca_insertion/Meca_1th_hand/left/zed_44377151_left_1747200831.073.jpg,1747200831.073,0.025299787521362305,1747200831.081,22.05,35.55,-13.37,26.46,62.94,-46.71,186.43
../dataset/Meca_insertion/Meca_1th_hand/top/zed_49045152_right_1747200831.081.jpg,1747200831.081,0.033299922943115234,1747200831.081,22.05,35.55,-13.37,26.46,62.94,-46.71,186.43
../dataset/Meca_insertion/Meca_1th_hand/top/zed_49045152_left_1747200831.081.jpg,1747200831.081,0.033299922943115234,1747200831.081,22.05,35.55,-13.37,26.46,62.94,-46.71,186.43
../dataset/Meca_insertion/Meca_1th_hand/right/zed_49429257_left_1747200831.353.jpg,1747200831.353,0.04829978942871094,1747200831.338,21.92,35.39,-13.97,26.29,63.67,-46.46,186.43
../dataset/Meca_insertion/Meca_1th_hand/right/zed_49429257_right_1747200831.353.jpg,1747200831.353,0.04829978942871094,1747200831.338,21.92,35.39,-13.97,26.29,63.67,-46.46,186.43
../dataset/Meca_insertion/Meca_1th_hand/top/zed_49045152_right_1747200831.407.jpg,1747200831.407,0.0176999568939209,1747200831.458,21.9,35.38,-14.03,26.28,63.74,-46.44,186.43
../dataset/Meca_insertion/Meca_1th_hand/top/zed_49045152_left_1747200831.407.jpg,1747200831.407,0.0176999568939209,1747200831.458,21.9,35.38,-14.03,26.28,63.74,-46.44,186.43
../dataset/Meca_insertion/Meca_1th_hand/left/zed_44377151_right_1747200831.458.jpg,1747200831.458,0.033299922943115234,1747200831.458,21.9,35.38,-14.03,26.28,63.74,-46.44,186.43
../dataset/Meca_insertion/Meca_1th_hand/left/zed_44377151_left_1747200831.458.jpg,1747200831.458,0.033299922943115234,1747200831.458,21.9,35.38,-14.03,26.28,63.74,-46.44,186.43
../dataset/Meca_insertion/Meca_1th_hand/front/zed_41182735_left_1747200831.472.jpg,1747200831.472,0.047299861907958984,1747200831.458,21.9,35.38,-14.03,26.28,63.74,-46.44,186.43
../dataset/Meca_insertion/Meca_1th_hand/front/zed_41182735_right_1747200831.472.jpg,1747200831.472,0.047299861907958984,1747200831.458,21.9,35.38,-14.03,26.28,63.74,-46.44,186.43
../dataset/Meca_insertion/Meca_1th_hand/left/zed_44377151_left_1747200831.774.jpg,1747200831.774,0.02129983901977539,1747200831.786,21.76,35.21,-14.69,26.1,64.55,-46.16,186.42
../dataset/Meca_insertion/Meca_1th_hand/left/zed_44377151_right_1747200831.774.jpg,1747200831.774,0.02129983901977539,1747200831.786,21.76,35.21,-14.69,26.1,64.55,-46.16,186.42
../dataset/Meca_insertion/Meca_1th_hand/top/zed_49045152_left_1747200831.788.jpg,1747200831.788,0.03530001640319824,1747200831.786,21.76,35.21,-14.69,26.1,64.55,-46.16,186.42
../dataset/Meca_insertion/Meca_1th_hand/top/zed_49045152_right_1747200831.788.jpg,1747200831.788,0.03530001640319824,1747200831.786,21.76,35.21,-14.69,26.1,64.55,-46.16,186.42
../dataset/Meca_insertion/Meca_1th_hand/front/zed_41182735_right_1747200831.797.jpg,1747200831.797,0.04429984092712402,1747200831.786,21.76,35.21,-14.69,26.1,64.55,-46.16,186.42
../dataset/Meca_insertion/Meca_1th_hand/front/zed_41182735_left_1747200831.797.jpg,1747200831.797,0.04429984092712402,1747200831.786,21.76,35.21,-14.69,26.1,64.55,-46.16,186.42
../dataset/Meca_insertion/Meca_1th_hand/front/zed_41182735_right_1747200832.099.jpg,1747200832.099,0.021700143814086914,1747200832.154,21.64,35.06,-15.26,25.95,65.24,-45.92,186.39
../dataset/Meca_insertion/Meca_1th_hand/front/zed_41182735_left_1747200832.099.jpg,1747200832.099,0.021700143814086914,1747200832.154,21.64,35.06,-15.26,25.95,65.24,-45.92,186.39
../dataset/Meca_insertion/Meca_1th_hand/left/zed_44377151_left_1747200832.138.jpg,1747200832.138,0.017299890518188477,1747200832.154,21.64,35.06,-15.26,25.95,65.24,-45.92,186.39
../dataset/Meca_insertion/Meca_1th_hand/left/zed_44377151_right_1747200832.138.jpg,1747200832.138,0.017299890518188477,1747200832.154,21.64,35.06,-15.26,25.95,65.24,-45.92,186.39
../dataset/Meca_insertion/Meca_1th_hand/top/zed_49045152_left_1747200832.154.jpg,1747200832.154,0.033299922943115234,1747200832.154,21.64,35.06,-15.26,25.95,65.24,-45.92,186.39
../dataset/Meca_insertion/Meca_1th_hand/top/zed_49045152_right_1747200832.154.jpg,1747200832.154,0.033299922943115234,1747200832.154,21.64,35.06,-15.26,25.95,65.24,-45.92,186.39
../dataset/Meca_insertion/Meca_1th_hand/right/zed_49429257_left_1747200832.374.jpg,1747200832.374,0.0457000732421875,1747200832.453,21.52,34.92,-15.8,25.8,65.9,-45.7,186.34
../dataset/Meca_insertion/Meca_1th_hand/right/zed_49429257_right_1747200832.374.jpg,1747200832.374,0.0457000732421875,1747200832.453,21.52,34.92,-15.8,25.8,65.9,-45.7,186.34
../dataset/Meca_insertion/Meca_1th_hand/front/zed_41182735_right_1747200832.439.jpg,1747200832.439,0.019299745559692383,1747200832.453,21.52,34.92,-15.8,25.8,65.9,-45.7,186.34
../dataset/Meca_insertion/Meca_1th_hand/front/zed_41182735_left_1747200832.439.jpg,1747200832.439,0.019299745559692383,1747200832.453,21.52,34.92,-15.8,25.8,65.9,-45.7,186.34
../dataset/Meca_insertion/Meca_1th_hand/left/zed_44377151_left_1747200832.446.jpg,1747200832.446,0.02629995346069336,1747200832.453,21.52,34.92,-15.8,25.8,65.9,-45.7,186.34
../dataset/Meca_insertion/Meca_1th_hand/left/zed_44377151_right_1747200832.446.jpg,1747200832.446,0.02629995346069336,1747200832.453,21.52,34.92,-15.8,25.8,65.9,-45.7,186.34
../dataset/Meca_insertion/Meca_1th_hand/top/zed_49045152_left_1747200832.825.jpg,1747200832.825,0.033299922943115234,1747200832.825,21.38,34.75,-16.43,25.63,66.67,-45.43,186.26
../dataset/Meca_insertion/Meca_1th_hand/top/zed_49045152_right_1747200832.825.jpg,1747200832.825,0.033299922943115234,1747200832.825,21.38,34.75,-16.43,25.63,66.67,-45.43,186.26
../dataset/Meca_insertion/Meca_1th_hand/right/zed_49429257_left_1747200833.165.jpg,1747200833.165,0.04829978942871094,1747200833.15,21.22,34.57,-17.15,25.44,67.55,-45.13,186.15
../dataset/Meca_insertion/Meca_1th_hand/right/zed_49429257_right_1747200833.165.jpg,1747200833.165,0.04829978942871094,1747200833.15,21.22,34.57,-17.15,25.44,67.55,-45.13,186.15
../dataset/Meca_insertion/Meca_1th_hand/left/zed_44377151_right_1747200833.281.jpg,1747200833.281,0.03170013427734375,1747200833.346,21.13,34.45,-17.6,25.32,68.1,-44.95,186.06
../dataset/Meca_insertion/Meca_1th_hand/left/zed_44377151_left_1747200833.281.jpg,1747200833.281,0.03170013427734375,1747200833.346,21.13,34.45,-17.6,25.32,68.1,-44.95,186.06
../dataset/Meca_insertion/Meca_1th_hand/right/zed_49429257_left_1747200833.509.jpg,1747200833.509,0.014699935913085938,1747200833.557,21.07,34.39,-17.84,25.25,68.39,-44.85,186.01
../dataset/Meca_insertion/Meca_1th_hand/right/zed_49429257_right_1747200833.509.jpg,1747200833.509,0.014699935913085938,1747200833.557,21.07,34.39,-17.84,25.25,68.39,-44.85,186.01
../dataset/Meca_insertion/Meca_1th_hand/front/zed_41182735_right_1747200833.572.jpg,1747200833.572,0.04830002784729004,1747200833.557,21.07,34.39,-17.84,25.25,68.39,-44.85,186.01
../dataset/Meca_insertion/Meca_1th_hand/front/zed_41182735_left_1747200833.572.jpg,1747200833.572,0.04830002784729004,1747200833.557,21.07,34.39,-17.84,25.25,68.39,-44.85,186.01
../dataset/Meca_insertion/Meca_1th_hand/top/zed_49045152_left_1747200833.606.jpg,1747200833.606,0.0327000617980957,1747200833.672,21.0,34.3,-18.17,25.16,68.79,-44.71,185.94
../dataset/Meca_insertion/Meca_1th_hand/top/zed_49045152_right_1747200833.606.jpg,1747200833.606,0.0327000617980957,1747200833.672,21.0,34.3,-18.17,25.16,68.79,-44.71,185.94
../dataset/Meca_insertion/Meca_1th_hand/left/zed_44377151_left_1747200833.625.jpg,1747200833.625,0.013700008392333984,1747200833.672,21.0,34.3,-18.17,25.16,68.79,-44.71,185.94
../dataset/Meca_insertion/Meca_1th_hand/left/zed_44377151_right_1747200833.625.jpg,1747200833.625,0.013700008392333984,1747200833.672,21.0,34.3,-18.17,25.16,68.79,-44.71,185.94
../dataset/Meca_insertion/Meca_1th_hand/right/zed_49429257_right_1747200833.824.jpg,1747200833.824,0.03170013427734375,1747200833.889,20.94,34.23,-18.44,25.09,69.12,-44.59,185.87
../dataset/Meca_insertion/Meca_1th_hand/right/zed_49429257_left_1747200833.824.jpg,1747200833.824,0.03170013427734375,1747200833.889,20.94,34.23,-18.44,25.09,69.12,-44.59,185.87
../dataset/Meca_insertion/Meca_1th_hand/front/zed_41182735_right_1747200833.864.jpg,1747200833.864,0.008300065994262695,1747200833.889,20.94,34.23,-18.44,25.09,69.12,-44.59,185.87
../dataset/Meca_insertion/Meca_1th_hand/front/zed_41182735_left_1747200833.864.jpg,1747200833.864,0.008300065994262695,1747200833.889,20.94,34.23,-18.44,25.09,69.12,-44.59,185.87
../dataset/Meca_insertion/Meca_1th_hand/left/zed_44377151_right_1747200833.883.jpg,1747200833.883,0.027299880981445312,1747200833.889,20.94,34.23,-18.44,25.09,69.12,-44.59,185.87
../dataset/Meca_insertion/Meca_1th_hand/left/zed_44377151_left_1747200833.883.jpg,1747200833.883,0.027299880981445312,1747200833.889,20.94,34.23,-18.44,25.09,69.12,-44.59,185.87
../dataset/Meca_insertion/Meca_1th_hand/left/zed_44377151_right_1747200834.178.jpg,1747200834.178,0.010299921035766602,1747200834.201,20.82,34.08,-19.01,24.94,69.82,-44.36,185.72
../dataset/Meca_insertion/Meca_1th_hand/left/zed_44377151_left_1747200834.178.jpg,1747200834.178,0.010299921035766602,1747200834.201,20.82,34.08,-19.01,24.94,69.82,-44.36,185.72
../dataset/Meca_insertion/Meca_1th_hand/right/zed_49429257_right_1747200834.195.jpg,1747200834.195,0.027299880981445312,1747200834.201,20.82,34.08,-19.01,24.94,69.82,-44.36,185.72
../dataset/Meca_insertion/Meca_1th_hand/right/zed_49429257_left_1747200834.195.jpg,1747200834.195,0.027299880981445312,1747200834.201,20.82,34.08,-19.01,24.94,69.82,-44.36,185.72
../dataset/Meca_insertion/Meca_1th_hand/top/zed_49045152_right_1747200834.201.jpg,1747200834.201,0.033299922943115234,1747200834.201,20.82,34.08,-19.01,24.94,69.82,-44.36,185.72
../dataset/Meca_insertion/Meca_1th_hand/top/zed_49045152_left_1747200834.201.jpg,1747200834.201,0.033299922943115234,1747200834.201,20.82,34.08,-19.01,24.94,69.82,-44.36,185.72
../dataset/Meca_insertion/Meca_1th_hand/front/zed_41182735_left_1747200834.389.jpg,1747200834.389,0.027700185775756836,1747200834.45,20.7,33.94,-19.58,24.78,70.52,-44.12,185.55
../dataset/Meca_insertion/Meca_1th_hand/front/zed_41182735_right_1747200834.389.jpg,1747200834.389,0.027700185775756836,1747200834.45,20.7,33.94,-19.58,24.78,70.52,-44.12,185.55
../dataset/Meca_insertion/Meca_1th_hand/left/zed_44377151_left_1747200834.421.jpg,1747200834.421,0.00429987907409668,1747200834.45,20.7,33.94,-19.58,24.78,70.52,-44.12,185.55
../dataset/Meca_insertion/Meca_1th_hand/left/zed_44377151_right_1747200834.421.jpg,1747200834.421,0.00429987907409668,1747200834.45,20.7,33.94,-19.58,24.78,70.52,-44.12,185.55
../dataset/Meca_insertion/Meca_1th_hand/right/zed_49429257_left_1747200834.458.jpg,1747200834.458,0.04129981994628906,1747200834.45,20.7,33.94,-19.58,24.78,70.52,-44.12,185.55
../dataset/Meca_insertion/Meca_1th_hand/right/zed_49429257_right_1747200834.458.jpg,1747200834.458,0.04129981994628906,1747200834.45,20.7,33.94,-19.58,24.78,70.52,-44.12,185.55
../dataset/Meca_insertion/Meca_1th_hand/top/zed_49045152_left_1747200834.493.jpg,1747200834.493,0.0327000617980957,1747200834.559,20.65,33.88,-19.79,24.73,70.77,-44.03,185.49
../dataset/Meca_insertion/Meca_1th_hand/top/zed_49045152_right_1747200834.493.jpg,1747200834.493,0.0327000617980957,1747200834.559,20.65,33.88,-19.79,24.73,70.77,-44.03,185.49
../dataset/Meca_insertion/Meca_1th_hand/front/zed_41182735_left_1747200834.662.jpg,1747200834.662,0.03529977798461914,1747200834.66,20.62,33.84,-19.94,24.69,70.96,-43.97,185.44
../dataset/Meca_insertion/Meca_1th_hand/front/zed_41182735_right_1747200834.662.jpg,1747200834.662,0.03529977798461914,1747200834.66,20.62,33.84,-19.94,24.69,70.96,-43.97,185.44
../dataset/Meca_insertion/Meca_1th_hand/left/zed_44377151_left_1747200834.735.jpg,1747200834.735,0.003299713134765625,1747200834.765,20.59,33.81,-20.06,24.65,71.1,-43.92,185.4
../dataset/Meca_insertion/Meca_1th_hand/left/zed_44377151_right_1747200834.735.jpg,1747200834.735,0.003299713134765625,1747200834.765,20.59,33.81,-20.06,24.65,71.1,-43.92,185.4
../dataset/Meca_insertion/Meca_1th_hand/top/zed_49045152_right_1747200834.758.jpg,1747200834.758,0.026299715042114258,1747200834.765,20.59,33.81,-20.06,24.65,71.1,-43.92,185.4
../dataset/Meca_insertion/Meca_1th_hand/top/zed_49045152_left_1747200834.758.jpg,1747200834.758,0.026299715042114258,1747200834.765,20.59,33.81,-20.06,24.65,71.1,-43.92,185.4
../dataset/Meca_insertion/Meca_1th_hand/front/zed_41182735_right_1747200834.969.jpg,1747200834.969,0.0013000965118408203,1747200835.001,20.49,33.69,-20.51,24.53,71.65,-43.73,185.24
../dataset/Meca_insertion/Meca_1th_hand/front/zed_41182735_left_1747200834.969.jpg,1747200834.969,0.0013000965118408203,1747200835.001,20.49,33.69,-20.51,24.53,71.65,-43.73,185.24
../dataset/Meca_insertion/Meca_1th_hand/top/zed_49045152_left_1747200835.055.jpg,1747200835.055,0.02870011329650879,1747200835.117,20.47,33.67,-20.6,24.51,71.76,-43.69,185.21
../dataset/Meca_insertion/Meca_1th_hand/top/zed_49045152_right_1747200835.055.jpg,1747200835.055,0.02870011329650879,1747200835.117,20.47,33.67,-20.6,24.51,71.76,-43.69,185.21
../dataset/Meca_insertion/Meca_1th_hand/right/zed_49429257_left_1747200835.077.jpg,1747200835.077,0.006700277328491211,1747200835.117,20.47,33.67,-20.6,24.51,71.76,-43.69,185.21
../dataset/Meca_insertion/Meca_1th_hand/right/zed_49429257_right_1747200835.077.jpg,1747200835.077,0.006700277328491211,1747200835.117,20.47,33.67,-20.6,24.51,71.76,-43.69,185.21
../dataset/Meca_insertion/Meca_1th_hand/left/zed_44377151_right_1747200835.104.jpg,1747200835.104,0.020299911499023438,1747200835.117,20.47,33.67,-20.6,24.51,71.76,-43.69,185.21
../dataset/Meca_insertion/Meca_1th_hand/left/zed_44377151_left_1747200835.104.jpg,1747200835.104,0.020299911499023438,1747200835.117,20.47,33.67,-20.6,24.51,71.76,-43.69,185.21
../dataset/Meca_insertion/Meca_1th_hand/front/zed_41182735_right_1747200835.313.jpg,1747200835.313,0.0032999515533447266,1747200835.343,20.36,33.54,-21.11,24.37,72.38,-43.48,185.01
../dataset/Meca_insertion/Meca_1th_hand/front/zed_41182735_left_1747200835.313.jpg,1747200835.313,0.0032999515533447266,1747200835.343,20.36,33.54,-21.11,24.37,72.38,-43.48,185.01
../dataset/Meca_insertion/Meca_1th_hand/front/zed_41182735_left_1747200835.599.jpg,1747200835.599,0.005700111389160156,1747200835.638,20.39,33.57,-21.0,24.4,72.25,-43.52,185.06
../dataset/Meca_insertion/Meca_1th_hand/front/zed_41182735_right_1747200835.599.jpg,1747200835.599,0.005700111389160156,1747200835.638,20.39,33.57,-21.0,24.4,72.25,-43.52,185.06
../dataset/Meca_insertion/Meca_1th_hand/right/zed_49429257_right_1747200835.704.jpg,1747200835.704,0.00970005989074707,1747200835.747,20.41,33.6,-20.88,24.43,72.11,-43.57,185.1
../dataset/Meca_insertion/Meca_1th_hand/right/zed_49429257_left_1747200835.704.jpg,1747200835.704,0.00970005989074707,1747200835.747,20.41,33.6,-20.88,24.43,72.11,-43.57,185.1
../dataset/Meca_insertion/Meca_1th_hand/top/zed_49045152_left_1747200835.721.jpg,1747200835.721,0.007299900054931641,1747200835.747,20.41,33.6,-20.88,24.43,72.11,-43.57,185.1
../dataset/Meca_insertion/Meca_1th_hand/top/zed_49045152_right_1747200835.721.jpg,1747200835.721,0.007299900054931641,1747200835.747,20.41,33.6,-20.88,24.43,72.11,-43.57,185.1
../dataset/Meca_insertion/Meca_1th_hand/left/zed_44377151_left_1747200835.749.jpg,1747200835.749,0.03530001640319824,1747200835.747,20.41,33.6,-20.88,24.43,72.11,-43.57,185.1
../dataset/Meca_insertion/Meca_1th_hand/left/zed_44377151_right_1747200835.749.jpg,1747200835.749,0.03530001640319824,1747200835.747,20.41,33.6,-20.88,24.43,72.11,-43.57,185.1
../dataset/Meca_insertion/Meca_1th_hand/left/zed_44377151_right_1747200835.989.jpg,1747200835.989,0.0046999454498291016,1747200836.027,20.51,33.71,-20.43,24.55,71.56,-43.76,185.27
../dataset/Meca_insertion/Meca_1th_hand/left/zed_44377151_left_1747200835.989.jpg,1747200835.989,0.0046999454498291016,1747200836.027,20.51,33.71,-20.43,24.55,71.56,-43.76,185.27
../dataset/Meca_insertion/Meca_1th_hand/top/zed_49045152_right_1747200836.027.jpg,1747200836.027,0.033299922943115234,1747200836.027,20.51,33.71,-20.43,24.55,71.56,-43.76,185.27
../dataset/Meca_insertion/Meca_1th_hand/top/zed_49045152_left_1747200836.027.jpg,1747200836.027,0.033299922943115234,1747200836.027,20.51,33.71,-20.43,24.55,71.56,-43.76,185.27
../dataset/Meca_insertion/Meca_1th_hand/front/zed_41182735_right_1747200836.265.jpg,1747200836.265,0.03970003128051758,1747200836.338,20.63,33.86,-19.86,24.71,70.86,-44.0,185.46
../dataset/Meca_insertion/Meca_1th_hand/front/zed_41182735_left_1747200836.265.jpg,1747200836.265,0.03970003128051758,1747200836.338,20.63,33.86,-19.86,24.71,70.86,-44.0,185.46
../dataset/Meca_insertion/Meca_1th_hand/left/zed_44377151_left_1747200836.338.jpg,1747200836.338,0.033299922943115234,1747200836.338,20.63,33.86,-19.86,24.71,70.86,-44.0,185.46
../dataset/Meca_insertion/Meca_1th_hand/left/zed_44377151_right_1747200836.338.jpg,1747200836.338,0.033299922943115234,1747200836.338,20.63,33.86,-19.86,24.71,70.86,-44.0,185.46
../dataset/Meca_insertion/Meca_1th_hand/top/zed_49045152_right_1747200836.401.jpg,1747200836.401,0.02670001983642578,1747200836.461,20.71,33.96,-19.5,24.8,70.42,-44.15,185.58
../dataset/Meca_insertion/Meca_1th_hand/top/zed_49045152_left_1747200836.401.jpg,1747200836.401,0.02670001983642578,1747200836.461,20.71,33.96,-19.5,24.8,70.42,-44.15,185.58
../dataset/Meca_insertion/Meca_1th_hand/right/zed_49429257_left_1747200836.678.jpg,1747200836.678,0.033299922943115234,1747200836.678,20.77,34.02,-19.26,24.87,70.13,-44.25,185.65
../dataset/Meca_insertion/Meca_1th_hand/right/zed_49429257_right_1747200836.678.jpg,1747200836.678,0.033299922943115234,1747200836.678,20.77,34.02,-19.26,24.87,70.13,-44.25,185.65
../dataset/Meca_insertion/Meca_1th_hand/left/zed_44377151_left_1747200836.688.jpg,1747200836.688,0.04329991340637207,1747200836.678,20.77,34.02,-19.26,24.87,70.13,-44.25,185.65
../dataset/Meca_insertion/Meca_1th_hand/left/zed_44377151_right_1747200836.688.jpg,1747200836.688,0.04329991340637207,1747200836.678,20.77,34.02,-19.26,24.87,70.13,-44.25,185.65
../dataset/Meca_insertion/Meca_1th_hand/front/zed_41182735_right_1747200836.866.jpg,1747200836.866,0.007700204849243164,1747200836.907,20.89,34.17,-18.69,25.02,69.43,-44.49,185.81
../dataset/Meca_insertion/Meca_1th_hand/front/zed_41182735_left_1747200836.866.jpg,1747200836.866,0.007700204849243164,1747200836.907,20.89,34.17,-18.69,25.02,69.43,-44.49,185.81
../dataset/Meca_insertion/Meca_1th_hand/left/zed_44377151_right_1747200836.953.jpg,1747200836.953,0.02670001983642578,1747200837.013,20.89,34.17,-18.69,25.02,69.43,-44.49,185.81
../dataset/Meca_insertion/Meca_1th_hand/left/zed_44377151_left_1747200836.953.jpg,1747200836.953,0.02670001983642578,1747200837.013,20.89,34.17,-18.69,25.02,69.43,-44.49,185.81
../dataset/Meca_insertion/Meca_1th_hand/top/zed_49045152_left_1747200836.975.jpg,1747200836.975,0.004700183868408203,1747200837.013,20.89,34.17,-18.69,25.02,69.43,-44.49,185.81
../dataset/Meca_insertion/Meca_1th_hand/top/zed_49045152_right_1747200836.975.jpg,1747200836.975,0.004700183868408203,1747200837.013,20.89,34.17,-18.69,25.02,69.43,-44.49,185.81
../dataset/Meca_insertion/Meca_1th_hand/right/zed_49429257_right_1747200837.014.jpg,1747200837.014,0.03429985046386719,1747200837.013,20.89,34.17,-18.69,25.02,69.43,-44.49,185.81
../dataset/Meca_insertion/Meca_1th_hand/right/zed_49429257_left_1747200837.014.jpg,1747200837.014,0.03429985046386719,1747200837.013,20.89,34.17,-18.69,25.02,69.43,-44.49,185.81
../dataset/Meca_insertion/Meca_1th_hand/front/zed_41182735_right_1747200837.218.jpg,1747200837.218,0.007700204849243164,1747200837.259,21.01,34.31,-18.15,25.17,68.77,-44.71,185.94
../dataset/Meca_insertion/Meca_1th_hand/front/zed_41182735_left_1747200837.218.jpg,1747200837.218,0.007700204849243164,1747200837.259,21.01,34.31,-18.15,25.17,68.77,-44.71,185.94
../dataset/Meca_insertion/Meca_1th_hand/right/zed_49429257_right_1747200837.323.jpg,1747200837.323,0.03770017623901367,1747200837.394,21.08,34.39,-17.82,25.26,68.37,-44.85,186.02
../dataset/Meca_insertion/Meca_1th_hand/right/zed_49429257_left_1747200837.323.jpg,1747200837.323,0.03770017623901367,1747200837.394,21.08,34.39,-17.82,25.26,68.37,-44.85,186.02
../dataset/Meca_insertion/Meca_1th_hand/right/zed_49429257_left_1747200837.604.jpg,1747200837.604,0.005699872970581055,1747200837.643,21.13,34.46,-17.58,25.32,68.08,-44.95,186.07
../dataset/Meca_insertion/Meca_1th_hand/right/zed_49429257_right_1747200837.604.jpg,1747200837.604,0.005699872970581055,1747200837.643,21.13,34.46,-17.58,25.32,68.08,-44.95,186.07
../dataset/Meca_insertion/Meca_1th_hand/top/zed_49045152_right_1747200837.637.jpg,1747200837.637,0.027300119400024414,1747200837.643,21.13,34.46,-17.58,25.32,68.08,-44.95,186.07
../dataset/Meca_insertion/Meca_1th_hand/top/zed_49045152_left_1747200837.637.jpg,1747200837.637,0.027300119400024414,1747200837.643,21.13,34.46,-17.58,25.32,68.08,-44.95,186.07
../dataset/Meca_insertion/Meca_1th_hand/front/zed_41182735_right_1747200837.643.jpg,1747200837.643,0.033299922943115234,1747200837.643,21.13,34.46,-17.58,25.32,68.08,-44.95,186.07
../dataset/Meca_insertion/Meca_1th_hand/front/zed_41182735_left_1747200837.643.jpg,1747200837.643,0.033299922943115234,1747200837.643,21.13,34.46,-17.58,25.32,68.08,-44.95,186.07
../dataset/Meca_insertion/Meca_1th_hand/top/zed_49045152_right_1747200837.949.jpg,1747200837.949,0.004700183868408203,1747200837.987,21.3,34.66,-16.8,25.53,67.13,-45.28,186.21
../dataset/Meca_insertion/Meca_1th_hand/top/zed_49045152_left_1747200837.949.jpg,1747200837.949,0.004700183868408203,1747200837.987,21.3,34.66,-16.8,25.53,67.13,-45.28,186.21
../dataset/Meca_insertion/Meca_1th_hand/left/zed_44377151_left_1747200837.957.jpg,1747200837.957,0.0032999515533447266,1747200837.987,21.3,34.66,-16.8,25.53,67.13,-45.28,186.21
../dataset/Meca_insertion/Meca_1th_hand/left/zed_44377151_right_1747200837.957.jpg,1747200837.957,0.0032999515533447266,1747200837.987,21.3,34.66,-16.8,25.53,67.13,-45.28,186.21
../dataset/Meca_insertion/Meca_1th_hand/right/zed_49429257_right_1747200837.972.jpg,1747200837.972,0.01829981803894043,1747200837.987,21.3,34.66,-16.8,25.53,67.13,-45.28,186.21
../dataset/Meca_insertion/Meca_1th_hand/right/zed_49429257_left_1747200837.972.jpg,1747200837.972,0.01829981803894043,1747200837.987,21.3,34.66,-16.8,25.53,67.13,-45.28,186.21
../dataset/Meca_insertion/Meca_1th_hand/left/zed_44377151_left_1747200838.176.jpg,1747200838.176,0.0023000240325927734,1747200838.207,21.38,34.75,-16.44,25.63,66.69,-45.43,186.26
../dataset/Meca_insertion/Meca_1th_hand/left/zed_44377151_right_1747200838.176.jpg,1747200838.176,0.0023000240325927734,1747200838.207,21.38,34.75,-16.44,25.63,66.69,-45.43,186.26
../dataset/Meca_insertion/Meca_1th_hand/right/zed_49429257_right_1747200838.267.jpg,1747200838.267,0.04870009422302246,1747200838.349,21.45,34.84,-16.12,25.72,66.29,-45.57,186.3
../dataset/Meca_insertion/Meca_1th_hand/right/zed_49429257_left_1747200838.267.jpg,1747200838.267,0.04870009422302246,1747200838.349,21.45,34.84,-16.12,25.72,66.29,-45.57,186.3
../dataset/Meca_insertion/Meca_1th_hand/front/zed_41182735_left_1747200838.274.jpg,1747200838.274,0.041700124740600586,1747200838.349,21.45,34.84,-16.12,25.72,66.29,-45.57,186.3
../dataset/Meca_insertion/Meca_1th_hand/front/zed_41182735_right_1747200838.274.jpg,1747200838.274,0.041700124740600586,1747200838.349,21.45,34.84,-16.12,25.72,66.29,-45.57,186.3
../dataset/Meca_insertion/Meca_1th_hand/left/zed_44377151_right_1747200838.466.jpg,1747200838.466,0.04929995536804199,1747200838.45,21.49,34.88,-15.94,25.77,66.07,-45.64,186.32
../dataset/Meca_insertion/Meca_1th_hand/left/zed_44377151_left_1747200838.466.jpg,1747200838.466,0.04929995536804199,1747200838.45,21.49,34.88,-15.94,25.77,66.07,-45.64,186.32
../dataset/Meca_insertion/Meca_1th_hand/right/zed_49429257_left_1747200838.536.jpg,1747200838.536,0.035700082778930664,1747200838.605,21.5,34.9,-15.87,25.78,65.99,-45.67,186.33
../dataset/Meca_insertion/Meca_1th_hand/right/zed_49429257_right_1747200838.536.jpg,1747200838.536,0.035700082778930664,1747200838.605,21.5,34.9,-15.87,25.78,65.99,-45.67,186.33
../dataset/Meca_insertion/Meca_1th_hand/top/zed_49045152_right_1747200838.559.jpg,1747200838.559,0.012700080871582031,1747200838.605,21.5,34.9,-15.87,25.78,65.99,-45.67,186.33
../dataset/Meca_insertion/Meca_1th_hand/top/zed_49045152_left_1747200838.559.jpg,1747200838.559,0.012700080871582031,1747200838.605,21.5,34.9,-15.87,25.78,65.99,-45.67,186.33
../dataset/Meca_insertion/Meca_1th_hand/front/zed_41182735_left_1747200838.592.jpg,1747200838.592,0.020299911499023438,1747200838.605,21.5,34.9,-15.87,25.78,65.99,-45.67,186.33
../dataset/Meca_insertion/Meca_1th_hand/front/zed_41182735_right_1747200838.592.jpg,1747200838.592,0.020299911499023438,1747200838.605,21.5,34.9,-15.87,25.78,65.99,-45.67,186.33
../dataset/Meca_insertion/Meca_1th_hand/top/zed_49045152_left_1747200838.903.jpg,1747200838.903,0.005699872970581055,1747200838.942,21.63,35.06,-15.27,25.94,65.26,-45.92,186.38
../dataset/Meca_insertion/Meca_1th_hand/top/zed_49045152_right_1747200838.903.jpg,1747200838.903,0.005699872970581055,1747200838.942,21.63,35.06,-15.27,25.94,65.26,-45.92,186.38
../dataset/Meca_insertion/Meca_1th_hand/right/zed_49429257_left_1747200838.913.jpg,1747200838.913,0.004300117492675781,1747200838.942,21.63,35.06,-15.27,25.94,65.26,-45.92,186.38
../dataset/Meca_insertion/Meca_1th_hand/right/zed_49429257_right_1747200838.913.jpg,1747200838.913,0.004300117492675781,1747200838.942,21.63,35.06,-15.27,25.94,65.26,-45.92,186.38
../dataset/Meca_insertion/Meca_1th_hand/left/zed_44377151_right_1747200839.228.jpg,1747200839.228,0.019700050354003906,1747200839.281,21.77,35.22,-14.64,26.11,64.49,-46.18,186.42
../dataset/Meca_insertion/Meca_1th_hand/left/zed_44377151_left_1747200839.228.jpg,1747200839.228,0.019700050354003906,1747200839.281,21.77,35.22,-14.64,26.11,64.49,-46.18,186.42
../dataset/Meca_insertion/Meca_1th_hand/front/zed_41182735_left_1747200839.269.jpg,1747200839.269,0.021300077438354492,1747200839.281,21.77,35.22,-14.64,26.11,64.49,-46.18,186.42
../dataset/Meca_insertion/Meca_1th_hand/front/zed_41182735_right_1747200839.269.jpg,1747200839.269,0.021300077438354492,1747200839.281,21.77,35.22,-14.64,26.11,64.49,-46.18,186.42
../dataset/Meca_insertion/Meca_1th_hand/top/zed_49045152_left_1747200839.276.jpg,1747200839.276,0.028300046920776367,1747200839.281,21.77,35.22,-14.64,26.11,64.49,-46.18,186.42
../dataset/Meca_insertion/Meca_1th_hand/top/zed_49045152_right_1747200839.276.jpg,1747200839.276,0.028300046920776367,1747200839.281,21.77,35.22,-14.64,26.11,64.49,-46.18,186.42
../dataset/Meca_insertion/Meca_1th_hand/right/zed_49429257_right_1747200839.456.jpg,1747200839.456,0.0013000965118408203,1747200839.488,21.89,35.36,-14.1,26.26,63.83,-46.41,186.43
../dataset/Meca_insertion/Meca_1th_hand/right/zed_49429257_left_1747200839.456.jpg,1747200839.456,0.0013000965118408203,1747200839.488,21.89,35.36,-14.1,26.26,63.83,-46.41,186.43
../dataset/Meca_insertion/Meca_1th_hand/left/zed_44377151_left_1747200839.571.jpg,1747200839.571,0.0023000240325927734,1747200839.602,21.91,35.38,-14.01,26.28,63.72,-46.45,186.43
../dataset/Meca_insertion/Meca_1th_hand/left/zed_44377151_right_1747200839.571.jpg,1747200839.571,0.0023000240325927734,1747200839.602,21.91,35.38,-14.01,26.28,63.72,-46.45,186.43
../dataset/Meca_insertion/Meca_1th_hand/top/zed_49045152_right_1747200839.589.jpg,1747200839.589,0.020299911499023438,1747200839.602,21.91,35.38,-14.01,26.28,63.72,-46.45,186.43
../dataset/Meca_insertion/Meca_1th_hand/top/zed_49045152_left_1747200839.589.jpg,1747200839.589,0.020299911499023438,1747200839.602,21.91,35.38,-14.01,26.28,63.72,-46.45,186.43
../dataset/Meca_insertion/Meca_1th_hand/right/zed_49429257_right_1747200839.807.jpg,1747200839.807,0.03429985046386719,1747200839.806,22.01,35.51,-13.53,26.41,63.14,-46.65,186.43
../dataset/Meca_insertion/Meca_1th_hand/right/zed_49429257_left_1747200839.807.jpg,1747200839.807,0.03429985046386719,1747200839.806,22.01,35.51,-13.53,26.41,63.14,-46.65,186.43
../dataset/Meca_insertion/Meca_1th_hand/left/zed_44377151_left_1747200839.925.jpg,1747200839.925,0.005700111389160156,1747200839.964,22.08,35.59,-13.24,26.49,62.77,-46.77,186.42
../dataset/Meca_insertion/Meca_1th_hand/left/zed_44377151_right_1747200839.925.jpg,1747200839.925,0.005700111389160156,1747200839.964,22.08,35.59,-13.24,26.49,62.77,-46.77,186.42
../dataset/Meca_insertion/Meca_1th_hand/front/zed_41182735_right_1747200840.123.jpg,1747200840.123,0.03970026969909668,1747200840.196,22.15,35.67,-12.9,26.58,62.37,-46.91,186.41
../dataset/Meca_insertion/Meca_1th_hand/front/zed_41182735_left_1747200840.123.jpg,1747200840.123,0.03970026969909668,1747200840.196,22.15,35.67,-12.9,26.58,62.37,-46.91,186.41
../dataset/Meca_insertion/Meca_1th_hand/right/zed_49429257_left_1747200840.164.jpg,1747200840.164,0.0012998580932617188,1747200840.196,22.15,35.67,-12.9,26.58,62.37,-46.91,186.41
../dataset/Meca_insertion/Meca_1th_hand/right/zed_49429257_right_1747200840.164.jpg,1747200840.164,0.0012998580932617188,1747200840.196,22.15,35.67,-12.9,26.58,62.37,-46.91,186.41
../dataset/Meca_insertion/Meca_1th_hand/top/zed_49045152_left_1747200840.550.jpg,1747200840.55,0.011299848556518555,1747200840.572,22.29,35.84,-12.25,26.76,61.56,-47.19,186.36
../dataset/Meca_insertion/Meca_1th_hand/top/zed_49045152_right_1747200840.550.jpg,1747200840.55,0.011299848556518555,1747200840.572,22.29,35.84,-12.25,26.76,61.56,-47.19,186.36
../dataset/Meca_insertion/Meca_1th_hand/front/zed_41182735_left_1747200840.572.jpg,1747200840.572,0.033299922943115234,1747200840.572,22.29,35.84,-12.25,26.76,61.56,-47.19,186.36
../dataset/Meca_insertion/Meca_1th_hand/front/zed_41182735_right_1747200840.572.jpg,1747200840.572,0.033299922943115234,1747200840.572,22.29,35.84,-12.25,26.76,61.56,-47.19,186.36
../dataset/Meca_insertion/Meca_1th_hand/left/zed_44377151_right_1747200840.607.jpg,1747200840.607,0.03169989585876465,1747200840.672,22.36,35.92,-11.94,26.84,61.2,-47.31,186.33
../dataset/Meca_insertion/Meca_1th_hand/left/zed_44377151_left_1747200840.607.jpg,1747200840.607,0.03169989585876465,1747200840.672,22.36,35.92,-11.94,26.84,61.2,-47.31,186.33
../dataset/Meca_insertion/Meca_2th_hand2/top/zed_49045152_left_1747200969.279.jpg,1747200969.279,0.011299848556518555,1747200969.301,23.49,37.51,-6.75,28.19,54.87,-49.47,185.09
../dataset/Meca_insertion/Meca_2th_hand2/top/zed_49045152_right_1747200969.279.jpg,1747200969.279,0.011299848556518555,1747200969.301,23.49,37.51,-6.75,28.19,54.87,-49.47,185.09
../dataset/Meca_insertion/Meca_2th_hand2/front/zed_41182735_left_1747200969.301.jpg,1747200969.301,0.033299922943115234,1747200969.301,23.49,37.51,-6.75,28.19,54.87,-49.47,185.09
../dataset/Meca_insertion/Meca_2th_hand2/front/zed_41182735_right_1747200969.301.jpg,1747200969.301,0.033299922943115234,1747200969.301,23.49,37.51,-6.75,28.19,54.87,-49.47,185.09
../dataset/Meca_insertion/Meca_2th_hand2/front/zed_41182735_right_1747200969.694.jpg,1747200969.694,0.04870009422302246,1747200969.776,23.3,37.27,-7.62,27.95,55.93,-49.1,185.42
../dataset/Meca_insertion/Meca_2th_hand2/front/zed_41182735_left_1747200969.694.jpg,1747200969.694,0.04870009422302246,1747200969.776,23.3,37.27,-7.62,27.95,55.93,-49.1,185.42
../dataset/Meca_insertion/Meca_2th_hand2/right/zed_49429257_right_1747200969.705.jpg,1747200969.705,0.03770017623901367,1747200969.776,23.3,37.27,-7.62,27.95,55.93,-49.1,185.42
../dataset/Meca_insertion/Meca_2th_hand2/right/zed_49429257_left_1747200969.705.jpg,1747200969.705,0.03770017623901367,1747200969.776,23.3,37.27,-7.62,27.95,55.93,-49.1,185.42
../dataset/Meca_insertion/Meca_2th_hand2/top/zed_49045152_right_1747200969.711.jpg,1747200969.711,0.03170013427734375,1747200969.776,23.3,37.27,-7.62,27.95,55.93,-49.1,185.42
../dataset/Meca_insertion/Meca_2th_hand2/top/zed_49045152_left_1747200969.711.jpg,1747200969.711,0.03170013427734375,1747200969.776,23.3,37.27,-7.62,27.95,55.93,-49.1,185.42
../dataset/Meca_insertion/Meca_2th_hand2/front/zed_41182735_left_1747200970.018.jpg,1747200970.018,0.006700277328491211,1747200970.058,23.2,37.15,-8.07,27.83,56.48,-48.92,185.57
../dataset/Meca_insertion/Meca_2th_hand2/front/zed_41182735_right_1747200970.018.jpg,1747200970.018,0.006700277328491211,1747200970.058,23.2,37.15,-8.07,27.83,56.48,-48.92,185.57
../dataset/Meca_insertion/Meca_2th_hand2/top/zed_49045152_left_1747200970.043.jpg,1747200970.043,0.01829981803894043,1747200970.058,23.2,37.15,-8.07,27.83,56.48,-48.92,185.57
../dataset/Meca_insertion/Meca_2th_hand2/top/zed_49045152_right_1747200970.043.jpg,1747200970.043,0.01829981803894043,1747200970.058,23.2,37.15,-8.07,27.83,56.48,-48.92,185.57
../dataset/Meca_insertion/Meca_2th_hand2/front/zed_41182735_left_1747200970.255.jpg,1747200970.255,0.0023000240325927734,1747200970.286,23.11,37.04,-8.46,27.73,56.96,-48.75,185.69
../dataset/Meca_insertion/Meca_2th_hand2/front/zed_41182735_right_1747200970.255.jpg,1747200970.255,0.0023000240325927734,1747200970.286,23.11,37.04,-8.46,27.73,56.96,-48.75,185.69
../dataset/Meca_insertion/Meca_2th_hand2/top/zed_49045152_right_1747200970.394.jpg,1747200970.394,0.04369997978210449,1747200970.471,23.02,36.92,-8.88,27.62,57.47,-48.58,185.81
../dataset/Meca_insertion/Meca_2th_hand2/top/zed_49045152_left_1747200970.394.jpg,1747200970.394,0.04369997978210449,1747200970.471,23.02,36.92,-8.88,27.62,57.47,-48.58,185.81
../dataset/Meca_insertion/Meca_2th_hand2/right/zed_49429257_right_1747200970.587.jpg,1747200970.587,0.04829978942871094,1747200970.572,22.98,36.87,-9.06,27.57,57.69,-48.5,185.86
../dataset/Meca_insertion/Meca_2th_hand2/right/zed_49429257_left_1747200970.587.jpg,1747200970.587,0.04829978942871094,1747200970.572,22.98,36.87,-9.06,27.57,57.69,-48.5,185.86
../dataset/Meca_insertion/Meca_2th_hand2/top/zed_49045152_right_1747200970.657.jpg,1747200970.657,0.02369999885559082,1747200970.714,22.98,36.87,-9.06,27.57,57.69,-48.5,185.86
../dataset/Meca_insertion/Meca_2th_hand2/top/zed_49045152_left_1747200970.657.jpg,1747200970.657,0.02369999885559082,1747200970.714,22.98,36.87,-9.06,27.57,57.69,-48.5,185.86
../dataset/Meca_insertion/Meca_2th_hand2/left/zed_44377151_left_1747200970.709.jpg,1747200970.709,0.028300046920776367,1747200970.714,22.98,36.87,-9.06,27.57,57.69,-48.5,185.86
../dataset/Meca_insertion/Meca_2th_hand2/left/zed_44377151_right_1747200970.709.jpg,1747200970.709,0.028300046920776367,1747200970.714,22.98,36.87,-9.06,27.57,57.69,-48.5,185.86
../dataset/Meca_insertion/Meca_2th_hand2/front/zed_41182735_right_1747200970.714.jpg,1747200970.714,0.033299922943115234,1747200970.714,22.98,36.87,-9.06,27.57,57.69,-48.5,185.86
../dataset/Meca_insertion/Meca_2th_hand2/front/zed_41182735_left_1747200970.714.jpg,1747200970.714,0.033299922943115234,1747200970.714,22.98,36.87,-9.06,27.57,57.69,-48.5,185.86
../dataset/Meca_insertion/Meca_2th_hand2/top/zed_49045152_left_1747200970.961.jpg,1747200970.961,0.04129981994628906,1747200970.953,22.85,36.7,-9.69,27.4,58.46,-48.24,186.02
../dataset/Meca_insertion/Meca_2th_hand2/top/zed_49045152_right_1747200970.961.jpg,1747200970.961,0.04129981994628906,1747200970.953,22.85,36.7,-9.69,27.4,58.46,-48.24,186.02
../dataset/Meca_insertion/Meca_2th_hand2/right/zed_49429257_right_1747200971.039.jpg,1747200971.039,0.04870009422302246,1747200971.121,22.77,36.6,-10.05,27.31,58.9,-48.09,186.1
../dataset/Meca_insertion/Meca_2th_hand2/right/zed_49429257_left_1747200971.039.jpg,1747200971.039,0.04870009422302246,1747200971.121,22.77,36.6,-10.05,27.31,58.9,-48.09,186.1
../dataset/Meca_insertion/Meca_2th_hand2/right/zed_49429257_left_1747200971.366.jpg,1747200971.366,0.033299922943115234,1747200971.366,22.71,36.53,-10.32,27.24,59.23,-47.98,186.15
../dataset/Meca_insertion/Meca_2th_hand2/right/zed_49429257_right_1747200971.366.jpg,1747200971.366,0.033299922943115234,1747200971.366,22.71,36.53,-10.32,27.24,59.23,-47.98,186.15
../dataset/Meca_insertion/Meca_2th_hand2/left/zed_44377151_right_1747200971.639.jpg,1747200971.639,0.04770016670227051,1747200971.72,22.57,36.35,-10.95,27.07,60.0,-47.72,186.27
../dataset/Meca_insertion/Meca_2th_hand2/left/zed_44377151_left_1747200971.639.jpg,1747200971.639,0.04770016670227051,1747200971.72,22.57,36.35,-10.95,27.07,60.0,-47.72,186.27
../dataset/Meca_insertion/Meca_2th_hand2/right/zed_49429257_left_1747200971.712.jpg,1747200971.712,0.025299787521362305,1747200971.72,22.57,36.35,-10.95,27.07,60.0,-47.72,186.27
../dataset/Meca_insertion/Meca_2th_hand2/right/zed_49429257_right_1747200971.712.jpg,1747200971.712,0.025299787521362305,1747200971.72,22.57,36.35,-10.95,27.07,60.0,-47.72,186.27
../dataset/Meca_insertion/Meca_2th_hand2/front/zed_41182735_left_1747200971.730.jpg,1747200971.73,0.04329991340637207,1747200971.72,22.57,36.35,-10.95,27.07,60.0,-47.72,186.27
../dataset/Meca_insertion/Meca_2th_hand2/front/zed_41182735_right_1747200971.730.jpg,1747200971.73,0.04329991340637207,1747200971.72,22.57,36.35,-10.95,27.07,60.0,-47.72,186.27
../dataset/Meca_insertion/Meca_2th_hand2/right/zed_49429257_right_1747200971.975.jpg,1747200971.975,0.04070019721984863,1747200972.049,22.45,36.2,-11.49,26.93,60.65,-47.49,186.35
../dataset/Meca_insertion/Meca_2th_hand2/right/zed_49429257_left_1747200971.975.jpg,1747200971.975,0.04070019721984863,1747200972.049,22.45,36.2,-11.49,26.93,60.65,-47.49,186.35
../dataset/Meca_insertion/Meca_2th_hand2/top/zed_49045152_left_1747200972.029.jpg,1747200972.029,0.013299942016601562,1747200972.049,22.45,36.2,-11.49,26.93,60.65,-47.49,186.35
../dataset/Meca_insertion/Meca_2th_hand2/top/zed_49045152_right_1747200972.029.jpg,1747200972.029,0.013299942016601562,1747200972.049,22.45,36.2,-11.49,26.93,60.65,-47.49,186.35
../dataset/Meca_insertion/Meca_2th_hand2/front/zed_41182735_left_1747200972.049.jpg,1747200972.049,0.033299922943115234,1747200972.049,22.45,36.2,-11.49,26.93,60.65,-47.49,186.35
../dataset/Meca_insertion/Meca_2th_hand2/front/zed_41182735_right_1747200972.049.jpg,1747200972.049,0.033299922943115234,1747200972.049,22.45,36.2,-11.49,26.93,60.65,-47.49,186.35
../dataset/Meca_insertion/Meca_2th_hand2/left/zed_44377151_left_1747200972.264.jpg,1747200972.264,0.03429985046386719,1747200972.263,22.32,36.04,-12.09,26.77,61.38,-47.24,186.42
../dataset/Meca_insertion/Meca_2th_hand2/left/zed_44377151_right_1747200972.264.jpg,1747200972.264,0.03429985046386719,1747200972.263,22.32,36.04,-12.09,26.77,61.38,-47.24,186.42
../dataset/Meca_insertion/Meca_2th_hand2/top/zed_49045152_left_1747200972.357.jpg,1747200972.357,0.024699926376342773,1747200972.415,22.32,36.03,-12.12,26.76,61.42,-47.23,186.42
../dataset/Meca_insertion/Meca_2th_hand2/top/zed_49045152_right_1747200972.357.jpg,1747200972.357,0.024699926376342773,1747200972.415,22.32,36.03,-12.12,26.76,61.42,-47.23,186.42
../dataset/Meca_insertion/Meca_2th_hand2/right/zed_49429257_right_1747200972.404.jpg,1747200972.404,0.022300004959106445,1747200972.415,22.32,36.03,-12.12,26.76,61.42,-47.23,186.42
../dataset/Meca_insertion/Meca_2th_hand2/right/zed_49429257_left_1747200972.404.jpg,1747200972.404,0.022300004959106445,1747200972.415,22.32,36.03,-12.12,26.76,61.42,-47.23,186.42
../dataset/Meca_insertion/Meca_2th_hand2/front/zed_41182735_left_1747200972.710.jpg,1747200972.71,0.0062999725341796875,1747200972.737,22.17,35.84,-12.78,26.58,62.23,-46.95,186.47
../dataset/Meca_insertion/Meca_2th_hand2/front/zed_41182735_right_1747200972.710.jpg,1747200972.71,0.0062999725341796875,1747200972.737,22.17,35.84,-12.78,26.58,62.23,-46.95,186.47
../dataset/Meca_insertion/Meca_2th_hand2/right/zed_49429257_right_1747200972.729.jpg,1747200972.729,0.025300025939941406,1747200972.737,22.17,35.84,-12.78,26.58,62.23,-46.95,186.47
../dataset/Meca_insertion/Meca_2th_hand2/right/zed_49429257_left_1747200972.729.jpg,1747200972.729,0.025300025939941406,1747200972.737,22.17,35.84,-12.78,26.58,62.23,-46.95,186.47
../dataset/Meca_insertion/Meca_2th_hand2/top/zed_49045152_left_1747200972.747.jpg,1747200972.747,0.04329991340637207,1747200972.737,22.17,35.84,-12.78,26.58,62.23,-46.95,186.47
../dataset/Meca_insertion/Meca_2th_hand2/top/zed_49045152_right_1747200972.747.jpg,1747200972.747,0.04329991340637207,1747200972.737,22.17,35.84,-12.78,26.58,62.23,-46.95,186.47
../dataset/Meca_insertion/Meca_2th_hand2/front/zed_41182735_right_1747200973.024.jpg,1747200973.024,0.008299827575683594,1747200973.049,22.04,35.68,-13.38,26.42,62.96,-46.7,186.5
../dataset/Meca_insertion/Meca_2th_hand2/front/zed_41182735_left_1747200973.024.jpg,1747200973.024,0.008299827575683594,1747200973.049,22.04,35.68,-13.38,26.42,62.96,-46.7,186.5
../dataset/Meca_insertion/Meca_2th_hand2/right/zed_49429257_left_1747200973.050.jpg,1747200973.05,0.03429985046386719,1747200973.049,22.04,35.68,-13.38,26.42,62.96,-46.7,186.5
../dataset/Meca_insertion/Meca_2th_hand2/right/zed_49429257_right_1747200973.050.jpg,1747200973.05,0.03429985046386719,1747200973.049,22.04,35.68,-13.38,26.42,62.96,-46.7,186.5
../dataset/Meca_insertion/Meca_2th_hand2/front/zed_41182735_right_1747200973.282.jpg,1747200973.282,0.005700111389160156,1747200973.321,21.92,35.52,-13.95,26.27,63.65,-46.46,186.51
../dataset/Meca_insertion/Meca_2th_hand2/front/zed_41182735_left_1747200973.282.jpg,1747200973.282,0.005700111389160156,1747200973.321,21.92,35.52,-13.95,26.27,63.65,-46.46,186.51
../dataset/Meca_insertion/Meca_2th_hand2/right/zed_49429257_left_1747200973.350.jpg,1747200973.35,0.04270029067993164,1747200973.426,21.9,35.5,-14.04,26.25,63.76,-46.43,186.51
../dataset/Meca_insertion/Meca_2th_hand2/right/zed_49429257_right_1747200973.350.jpg,1747200973.35,0.04270029067993164,1747200973.426,21.9,35.5,-14.04,26.25,63.76,-46.43,186.51
../dataset/Meca_insertion/Meca_2th_hand2/top/zed_49045152_left_1747200973.390.jpg,1747200973.39,0.0027000904083251953,1747200973.426,21.9,35.5,-14.04,26.25,63.76,-46.43,186.51
../dataset/Meca_insertion/Meca_2th_hand2/top/zed_49045152_right_1747200973.390.jpg,1747200973.39,0.0027000904083251953,1747200973.426,21.9,35.5,-14.04,26.25,63.76,-46.43,186.51
../dataset/Meca_insertion/Meca_2th_hand2/left/zed_44377151_left_1747200973.400.jpg,1747200973.4,0.007299900054931641,1747200973.426,21.9,35.5,-14.04,26.25,63.76,-46.43,186.51
../dataset/Meca_insertion/Meca_2th_hand2/left/zed_44377151_right_1747200973.400.jpg,1747200973.4,0.007299900054931641,1747200973.426,21.9,35.5,-14.04,26.25,63.76,-46.43,186.51
../dataset/Meca_insertion/Meca_2th_hand2/front/zed_41182735_right_1747200973.614.jpg,1747200973.614,0.035700082778930664,1747200973.683,21.8,35.36,-14.52,26.12,64.35,-46.23,186.5
../dataset/Meca_insertion/Meca_2th_hand2/front/zed_41182735_left_1747200973.614.jpg,1747200973.614,0.035700082778930664,1747200973.683,21.8,35.36,-14.52,26.12,64.35,-46.23,186.5
../dataset/Meca_insertion/Meca_2th_hand2/right/zed_49429257_left_1747200973.687.jpg,1747200973.687,0.03729987144470215,1747200973.683,21.8,35.36,-14.52,26.12,64.35,-46.23,186.5
../dataset/Meca_insertion/Meca_2th_hand2/right/zed_49429257_right_1747200973.687.jpg,1747200973.687,0.03729987144470215,1747200973.683,21.8,35.36,-14.52,26.12,64.35,-46.23,186.5
../dataset/Meca_insertion/Meca_2th_hand2/front/zed_41182735_left_1747200973.915.jpg,1747200973.915,0.0012998580932617188,1747200973.947,21.67,35.2,-15.09,25.97,65.04,-45.99,186.46
../dataset/Meca_insertion/Meca_2th_hand2/front/zed_41182735_right_1747200973.915.jpg,1747200973.915,0.0012998580932617188,1747200973.947,21.67,35.2,-15.09,25.97,65.04,-45.99,186.46
../dataset/Meca_insertion/Meca_2th_hand2/right/zed_49429257_right_1747200974.021.jpg,1747200974.021,0.0017001628875732422,1747200974.056,21.65,35.18,-15.18,25.95,65.15,-45.95,186.46
../dataset/Meca_insertion/Meca_2th_hand2/right/zed_49429257_left_1747200974.021.jpg,1747200974.021,0.0017001628875732422,1747200974.056,21.65,35.18,-15.18,25.95,65.15,-45.95,186.46
../dataset/Meca_insertion/Meca_2th_hand2/left/zed_44377151_right_1747200974.056.jpg,1747200974.056,0.033299922943115234,1747200974.056,21.65,35.18,-15.18,25.95,65.15,-45.95,186.46
../dataset/Meca_insertion/Meca_2th_hand2/left/zed_44377151_left_1747200974.056.jpg,1747200974.056,0.033299922943115234,1747200974.056,21.65,35.18,-15.18,25.95,65.15,-45.95,186.46
../dataset/Meca_insertion/Meca_2th_hand2/front/zed_41182735_right_1747200974.196.jpg,1747200974.196,0.0457000732421875,1747200974.275,21.55,35.05,-15.66,25.82,65.74,-45.75,186.42
../dataset/Meca_insertion/Meca_2th_hand2/front/zed_41182735_left_1747200974.196.jpg,1747200974.196,0.0457000732421875,1747200974.275,21.55,35.05,-15.66,25.82,65.74,-45.75,186.42
../dataset/Meca_insertion/Meca_2th_hand2/top/zed_49045152_right_1747200974.251.jpg,1747200974.251,0.009299755096435547,1747200974.275,21.55,35.05,-15.66,25.82,65.74,-45.75,186.42
../dataset/Meca_insertion/Meca_2th_hand2/top/zed_49045152_left_1747200974.251.jpg,1747200974.251,0.009299755096435547,1747200974.275,21.55,35.05,-15.66,25.82,65.74,-45.75,186.42
../dataset/Meca_insertion/Meca_2th_hand2/left/zed_44377151_left_1747200974.350.jpg,1747200974.35,0.0012998580932617188,1747200974.382,21.51,35.0,-15.84,25.77,65.96,-45.68,186.4
../dataset/Meca_insertion/Meca_2th_hand2/left/zed_44377151_right_1747200974.350.jpg,1747200974.35,0.0012998580932617188,1747200974.382,21.51,35.0,-15.84,25.77,65.96,-45.68,186.4
../dataset/Meca_insertion/Meca_2th_hand2/top/zed_49045152_left_1747200974.581.jpg,1747200974.581,0.04670000076293945,1747200974.661,21.43,34.9,-16.2,25.68,66.4,-45.53,186.35
../dataset/Meca_insertion/Meca_2th_hand2/top/zed_49045152_right_1747200974.581.jpg,1747200974.581,0.04670000076293945,1747200974.661,21.43,34.9,-16.2,25.68,66.4,-45.53,186.35
../dataset/Meca_insertion/Meca_2th_hand2/right/zed_49429257_right_1747200974.626.jpg,1747200974.626,0.0017001628875732422,1747200974.661,21.43,34.9,-16.2,25.68,66.4,-45.53,186.35
../dataset/Meca_insertion/Meca_2th_hand2/right/zed_49429257_left_1747200974.626.jpg,1747200974.626,0.0017001628875732422,1747200974.661,21.43,34.9,-16.2,25.68,66.4,-45.53,186.35
../dataset/Meca_insertion/Meca_2th_hand2/front/zed_41182735_right_1747200974.886.jpg,1747200974.886,0.042299747467041016,1747200974.877,21.3,34.73,-16.8,25.52,67.13,-45.27,186.26
../dataset/Meca_insertion/Meca_2th_hand2/front/zed_41182735_left_1747200974.886.jpg,1747200974.886,0.042299747467041016,1747200974.877,21.3,34.73,-16.8,25.52,67.13,-45.27,186.26
../dataset/Meca_insertion/Meca_2th_hand2/left/zed_44377151_left_1747200974.947.jpg,1747200974.947,0.012700080871582031,1747200974.993,21.3,34.73,-16.8,25.52,67.13,-45.27,186.26
../dataset/Meca_insertion/Meca_2th_hand2/left/zed_44377151_right_1747200974.947.jpg,1747200974.947,0.012700080871582031,1747200974.993,21.3,34.73,-16.8,25.52,67.13,-45.27,186.26
../dataset/Meca_insertion/Meca_2th_hand2/right/zed_49429257_right_1747200975.000.jpg,1747200975.0,0.04029989242553711,1747200974.993,21.3,34.73,-16.8,25.52,67.13,-45.27,186.26
../dataset/Meca_insertion/Meca_2th_hand2/right/zed_49429257_left_1747200975.000.jpg,1747200975.0,0.04029989242553711,1747200974.993,21.3,34.73,-16.8,25.52,67.13,-45.27,186.26
../dataset/Meca_insertion/Meca_2th_hand2/front/zed_41182735_right_1747200975.307.jpg,1747200975.307,0.008700132369995117,1747200975.349,21.16,34.55,-17.46,25.34,67.93,-45.0,186.14
../dataset/Meca_insertion/Meca_2th_hand2/front/zed_41182735_left_1747200975.307.jpg,1747200975.307,0.008700132369995117,1747200975.349,21.16,34.55,-17.46,25.34,67.93,-45.0,186.14
../dataset/Meca_insertion/Meca_2th_hand2/top/zed_49045152_left_1747200975.352.jpg,1747200975.352,0.036299943923950195,1747200975.349,21.16,34.55,-17.46,25.34,67.93,-45.0,186.14
../dataset/Meca_insertion/Meca_2th_hand2/top/zed_49045152_right_1747200975.352.jpg,1747200975.352,0.036299943923950195,1747200975.349,21.16,34.55,-17.46,25.34,67.93,-45.0,186.14
../dataset/Meca_insertion/Meca_2th_hand2/left/zed_44377151_left_1747200975.378.jpg,1747200975.378,0.038700103759765625,1747200975.45,21.08,34.45,-17.82,25.24,68.37,-44.85,186.06
../dataset/Meca_insertion/Meca_2th_hand2/left/zed_44377151_right_1747200975.378.jpg,1747200975.378,0.038700103759765625,1747200975.45,21.08,34.45,-17.82,25.24,68.37,-44.85,186.06
../dataset/Meca_insertion/Meca_2th_hand2/top/zed_49045152_right_1747200975.626.jpg,1747200975.626,0.00429987907409668,1747200975.655,21.03,34.39,-18.03,25.19,68.63,-44.76,186.01
../dataset/Meca_insertion/Meca_2th_hand2/top/zed_49045152_left_1747200975.626.jpg,1747200975.626,0.00429987907409668,1747200975.655,21.03,34.39,-18.03,25.19,68.63,-44.76,186.01
../dataset/Meca_insertion/Meca_2th_hand2/front/zed_41182735_right_1747200975.690.jpg,1747200975.69,0.03670001029968262,1747200975.76,20.95,34.29,-18.39,25.09,69.07,-44.61,185.93
../dataset/Meca_insertion/Meca_2th_hand2/front/zed_41182735_left_1747200975.690.jpg,1747200975.69,0.03670001029968262,1747200975.76,20.95,34.29,-18.39,25.09,69.07,-44.61,185.93
../dataset/Meca_insertion/Meca_2th_hand2/left/zed_44377151_left_1747200975.706.jpg,1747200975.706,0.02069997787475586,1747200975.76,20.95,34.29,-18.39,25.09,69.07,-44.61,185.93
../dataset/Meca_insertion/Meca_2th_hand2/left/zed_44377151_right_1747200975.706.jpg,1747200975.706,0.02069997787475586,1747200975.76,20.95,34.29,-18.39,25.09,69.07,-44.61,185.93
../dataset/Meca_insertion/Meca_2th_hand2/right/zed_49429257_left_1747200975.906.jpg,1747200975.906,0.046700239181518555,1747200975.986,20.9,34.23,-18.63,25.03,69.36,-44.51,185.86
../dataset/Meca_insertion/Meca_2th_hand2/right/zed_49429257_right_1747200975.906.jpg,1747200975.906,0.046700239181518555,1747200975.986,20.9,34.23,-18.63,25.03,69.36,-44.51,185.86
../dataset/Meca_insertion/Meca_2th_hand2/left/zed_44377151_left_1747200975.986.jpg,1747200975.986,0.033299922943115234,1747200975.986,20.9,34.23,-18.63,25.03,69.36,-44.51,185.86
../dataset/Meca_insertion/Meca_2th_hand2/left/zed_44377151_right_1747200975.986.jpg,1747200975.986,0.033299922943115234,1747200975.986,20.9,34.23,-18.63,25.03,69.36,-44.51,185.86
../dataset/Meca_insertion/Meca_2th_hand2/front/zed_41182735_right_1747200976.044.jpg,1747200976.044,0.038700103759765625,1747200976.116,20.82,34.12,-19.02,24.93,69.84,-44.35,185.75
../dataset/Meca_insertion/Meca_2th_hand2/front/zed_41182735_left_1747200976.044.jpg,1747200976.044,0.038700103759765625,1747200976.116,20.82,34.12,-19.02,24.93,69.84,-44.35,185.75
../dataset/Meca_insertion/Meca_2th_hand2/right/zed_49429257_left_1747200976.205.jpg,1747200976.205,0.002299785614013672,1747200976.236,20.78,34.08,-19.17,24.89,70.02,-44.29,185.71
../dataset/Meca_insertion/Meca_2th_hand2/right/zed_49429257_right_1747200976.205.jpg,1747200976.205,0.002299785614013672,1747200976.236,20.78,34.08,-19.17,24.89,70.02,-44.29,185.71
../dataset/Meca_insertion/Meca_2th_hand2/top/zed_49045152_right_1747200976.274.jpg,1747200976.274,0.03370022773742676,1747200976.341,20.76,34.04,-19.29,24.85,70.16,-44.24,185.67
../dataset/Meca_insertion/Meca_2th_hand2/top/zed_49045152_left_1747200976.274.jpg,1747200976.274,0.03370022773742676,1747200976.341,20.76,34.04,-19.29,24.85,70.16,-44.24,185.67
../dataset/Meca_insertion/Meca_2th_hand2/left/zed_44377151_left_1747200976.316.jpg,1747200976.316,0.008299827575683594,1747200976.341,20.76,34.04,-19.29,24.85,70.16,-44.24,185.67
../dataset/Meca_insertion/Meca_2th_hand2/left/zed_44377151_right_1747200976.316.jpg,1747200976.316,0.008299827575683594,1747200976.341,20.76,34.04,-19.29,24.85,70.16,-44.24,185.67
../dataset/Meca_insertion/Meca_2th_hand2/front/zed_41182735_left_1747200976.353.jpg,1747200976.353,0.04529976844787598,1747200976.341,20.76,34.04,-19.29,24.85,70.16,-44.24,185.67
../dataset/Meca_insertion/Meca_2th_hand2/front/zed_41182735_right_1747200976.353.jpg,1747200976.353,0.04529976844787598,1747200976.341,20.76,34.04,-19.29,24.85,70.16,-44.24,185.67
../dataset/Meca_insertion/Meca_2th_hand2/top/zed_49045152_left_1747200976.578.jpg,1747200976.578,0.0046999454498291016,1747200976.616,20.63,33.88,-19.86,24.7,70.86,-44.0,185.48
../dataset/Meca_insertion/Meca_2th_hand2/top/zed_49045152_right_1747200976.578.jpg,1747200976.578,0.0046999454498291016,1747200976.616,20.63,33.88,-19.86,24.7,70.86,-44.0,185.48
../dataset/Meca_insertion/Meca_2th_hand2/front/zed_41182735_left_1747200976.637.jpg,1747200976.637,0.04670000076293945,1747200976.717,20.58,33.82,-20.1,24.64,71.15,-43.9,185.4
../dataset/Meca_insertion/Meca_2th_hand2/front/zed_41182735_right_1747200976.637.jpg,1747200976.637,0.04670000076293945,1747200976.717,20.58,33.82,-20.1,24.64,71.15,-43.9,185.4
../dataset/Meca_insertion/Meca_2th_hand2/left/zed_44377151_left_1747200976.687.jpg,1747200976.687,0.0032999515533447266,1747200976.717,20.58,33.82,-20.1,24.64,71.15,-43.9,185.4
../dataset/Meca_insertion/Meca_2th_hand2/left/zed_44377151_right_1747200976.687.jpg,1747200976.687,0.0032999515533447266,1747200976.717,20.58,33.82,-20.1,24.64,71.15,-43.9,185.4
../dataset/Meca_insertion/Meca_2th_hand2/left/zed_44377151_left_1747200976.940.jpg,1747200976.94,0.014699935913085938,1747200976.988,20.52,33.74,-20.37,24.57,71.48,-43.79,185.3
../dataset/Meca_insertion/Meca_2th_hand2/left/zed_44377151_right_1747200976.940.jpg,1747200976.94,0.014699935913085938,1747200976.988,20.52,33.74,-20.37,24.57,71.48,-43.79,185.3
../dataset/Meca_insertion/Meca_2th_hand2/front/zed_41182735_right_1747200976.988.jpg,1747200976.988,0.033299922943115234,1747200976.988,20.52,33.74,-20.37,24.57,71.48,-43.79,185.3
../dataset/Meca_insertion/Meca_2th_hand2/front/zed_41182735_left_1747200976.988.jpg,1747200976.988,0.033299922943115234,1747200976.988,20.52,33.74,-20.37,24.57,71.48,-43.79,185.3
../dataset/Meca_insertion/Meca_2th_hand2/top/zed_49045152_left_1747200977.285.jpg,1747200977.285,0.010299921035766602,1747200977.308,20.39,33.57,-21.0,24.4,72.25,-43.52,185.06
../dataset/Meca_insertion/Meca_2th_hand2/top/zed_49045152_right_1747200977.285.jpg,1747200977.285,0.010299921035766602,1747200977.308,20.39,33.57,-21.0,24.4,72.25,-43.52,185.06
../dataset/Meca_insertion/Meca_2th_hand2/left/zed_44377151_right_1747200977.308.jpg,1747200977.308,0.033299922943115234,1747200977.308,20.39,33.57,-21.0,24.4,72.25,-43.52,185.06
../dataset/Meca_insertion/Meca_2th_hand2/left/zed_44377151_left_1747200977.308.jpg,1747200977.308,0.033299922943115234,1747200977.308,20.39,33.57,-21.0,24.4,72.25,-43.52,185.06
../dataset/Meca_insertion/Meca_2th_hand2/top/zed_49045152_right_1747200977.660.jpg,1747200977.66,0.0176999568939209,1747200977.711,20.41,33.59,-20.92,24.42,72.14,-43.56,185.09
../dataset/Meca_insertion/Meca_2th_hand2/top/zed_49045152_left_1747200977.660.jpg,1747200977.66,0.0176999568939209,1747200977.711,20.41,33.59,-20.92,24.42,72.14,-43.56,185.09
../dataset/Meca_insertion/Meca_2th_hand2/left/zed_44377151_right_1747200977.706.jpg,1747200977.706,0.028300046920776367,1747200977.711,20.41,33.59,-20.92,24.42,72.14,-43.56,185.09
../dataset/Meca_insertion/Meca_2th_hand2/left/zed_44377151_left_1747200977.706.jpg,1747200977.706,0.028300046920776367,1747200977.711,20.41,33.59,-20.92,24.42,72.14,-43.56,185.09
../dataset/Meca_insertion/Meca_2th_hand2/right/zed_49429257_right_1747200977.719.jpg,1747200977.719,0.041300058364868164,1747200977.711,20.41,33.59,-20.92,24.42,72.14,-43.56,185.09
../dataset/Meca_insertion/Meca_2th_hand2/right/zed_49429257_left_1747200977.719.jpg,1747200977.719,0.041300058364868164,1747200977.711,20.41,33.59,-20.92,24.42,72.14,-43.56,185.09
../dataset/Meca_insertion/Meca_2th_hand2/front/zed_41182735_right_1747200977.912.jpg,1747200977.912,0.043700218200683594,1747200977.989,20.54,33.75,-20.32,24.59,71.41,-43.81,185.31
../dataset/Meca_insertion/Meca_2th_hand2/front/zed_41182735_left_1747200977.912.jpg,1747200977.912,0.043700218200683594,1747200977.989,20.54,33.75,-20.32,24.59,71.41,-43.81,185.31
../dataset/Meca_insertion/Meca_2th_hand2/right/zed_49429257_left_1747200978.001.jpg,1747200978.001,0.04529976844787598,1747200977.989,20.54,33.75,-20.32,24.59,71.41,-43.81,185.31
../dataset/Meca_insertion/Meca_2th_hand2/right/zed_49429257_right_1747200978.001.jpg,1747200978.001,0.04529976844787598,1747200977.989,20.54,33.75,-20.32,24.59,71.41,-43.81,185.31
../dataset/Meca_insertion/Meca_2th_hand2/top/zed_49045152_left_1747200978.335.jpg,1747200978.335,0.0023000240325927734,1747200978.366,20.68,33.92,-19.66,24.76,70.61,-44.09,185.53
../dataset/Meca_insertion/Meca_2th_hand2/top/zed_49045152_right_1747200978.335.jpg,1747200978.335,0.0023000240325927734,1747200978.366,20.68,33.92,-19.66,24.76,70.61,-44.09,185.53
../dataset/Meca_insertion/Meca_2th_hand2/front/zed_41182735_right_1747200978.366.jpg,1747200978.366,0.033299922943115234,1747200978.366,20.68,33.92,-19.66,24.76,70.61,-44.09,185.53
../dataset/Meca_insertion/Meca_2th_hand2/front/zed_41182735_left_1747200978.366.jpg,1747200978.366,0.033299922943115234,1747200978.366,20.68,33.92,-19.66,24.76,70.61,-44.09,185.53
../dataset/Meca_insertion/Meca_2th_hand2/top/zed_49045152_right_1747200978.612.jpg,1747200978.612,0.03970003128051758,1747200978.685,20.81,34.07,-19.06,24.92,69.88,-44.34,185.71
../dataset/Meca_insertion/Meca_2th_hand2/top/zed_49045152_left_1747200978.612.jpg,1747200978.612,0.03970003128051758,1747200978.685,20.81,34.07,-19.06,24.92,69.88,-44.34,185.71
../dataset/Meca_insertion/Meca_2th_hand2/front/zed_41182735_right_1747200978.652.jpg,1747200978.652,0.0002999305725097656,1747200978.685,20.81,34.07,-19.06,24.92,69.88,-44.34,185.71
../dataset/Meca_insertion/Meca_2th_hand2/front/zed_41182735_left_1747200978.652.jpg,1747200978.652,0.0002999305725097656,1747200978.685,20.81,34.07,-19.06,24.92,69.88,-44.34,185.71
../dataset/Meca_insertion/Meca_2th_hand2/right/zed_49429257_left_1747200978.715.jpg,1747200978.715,0.041700124740600586,1747200978.79,20.88,34.16,-18.73,25.01,69.47,-44.47,185.8
../dataset/Meca_insertion/Meca_2th_hand2/right/zed_49429257_right_1747200978.715.jpg,1747200978.715,0.041700124740600586,1747200978.79,20.88,34.16,-18.73,25.01,69.47,-44.47,185.8
../dataset/Meca_insertion/Meca_2th_hand2/left/zed_44377151_right_1747200978.738.jpg,1747200978.738,0.018700122833251953,1747200978.79,20.88,34.16,-18.73,25.01,69.47,-44.47,185.8
../dataset/Meca_insertion/Meca_2th_hand2/left/zed_44377151_left_1747200978.738.jpg,1747200978.738,0.018700122833251953,1747200978.79,20.88,34.16,-18.73,25.01,69.47,-44.47,185.8
../dataset/Meca_insertion/Meca_2th_hand2/left/zed_44377151_right_1747200978.954.jpg,1747200978.954,0.008700132369995117,1747200978.996,20.94,34.23,-18.46,25.09,69.14,-44.59,185.87
../dataset/Meca_insertion/Meca_2th_hand2/left/zed_44377151_left_1747200978.954.jpg,1747200978.954,0.008700132369995117,1747200978.996,20.94,34.23,-18.46,25.09,69.14,-44.59,185.87
../dataset/Meca_insertion/Meca_2th_hand2/top/zed_49045152_right_1747200979.352.jpg,1747200979.352,0.0076999664306640625,1747200979.393,21.1,34.42,-17.74,25.28,68.27,-44.89,186.04
../dataset/Meca_insertion/Meca_2th_hand2/top/zed_49045152_left_1747200979.352.jpg,1747200979.352,0.0076999664306640625,1747200979.393,21.1,34.42,-17.74,25.28,68.27,-44.89,186.04
../dataset/Meca_insertion/Meca_2th_hand2/right/zed_49429257_left_1747200979.384.jpg,1747200979.384,0.024300098419189453,1747200979.393,21.1,34.42,-17.74,25.28,68.27,-44.89,186.04
../dataset/Meca_insertion/Meca_2th_hand2/right/zed_49429257_right_1747200979.384.jpg,1747200979.384,0.024300098419189453,1747200979.393,21.1,34.42,-17.74,25.28,68.27,-44.89,186.04
../dataset/Meca_insertion/Meca_2th_hand2/front/zed_41182735_right_1747200979.393.jpg,1747200979.393,0.033299922943115234,1747200979.393,21.1,34.42,-17.74,25.28,68.27,-44.89,186.04
../dataset/Meca_insertion/Meca_2th_hand2/front/zed_41182735_left_1747200979.393.jpg,1747200979.393,0.033299922943115234,1747200979.393,21.1,34.42,-17.74,25.28,68.27,-44.89,186.04
../dataset/Meca_insertion/Meca_2th_hand2/left/zed_44377151_right_1747200979.404.jpg,1747200979.404,0.044300079345703125,1747200979.393,21.1,34.42,-17.74,25.28,68.27,-44.89,186.04
../dataset/Meca_insertion/Meca_2th_hand2/left/zed_44377151_left_1747200979.404.jpg,1747200979.404,0.044300079345703125,1747200979.393,21.1,34.42,-17.74,25.28,68.27,-44.89,186.04
../dataset/Meca_insertion/Meca_2th_hand2/right/zed_49429257_right_1747200979.712.jpg,1747200979.712,0.0027000904083251953,1747200979.748,21.22,34.56,-17.2,25.43,67.61,-45.11,186.14
../dataset/Meca_insertion/Meca_2th_hand2/right/zed_49429257_left_1747200979.712.jpg,1747200979.712,0.0027000904083251953,1747200979.748,21.22,34.56,-17.2,25.43,67.61,-45.11,186.14
../dataset/Meca_insertion/Meca_2th_hand2/left/zed_44377151_right_1747200979.722.jpg,1747200979.722,0.007299900054931641,1747200979.748,21.22,34.56,-17.2,25.43,67.61,-45.11,186.14
../dataset/Meca_insertion/Meca_2th_hand2/left/zed_44377151_left_1747200979.722.jpg,1747200979.722,0.007299900054931641,1747200979.748,21.22,34.56,-17.2,25.43,67.61,-45.11,186.14
../dataset/Meca_insertion/Meca_2th_hand2/top/zed_49045152_right_1747200979.758.jpg,1747200979.758,0.04329991340637207,1747200979.748,21.22,34.56,-17.2,25.43,67.61,-45.11,186.14
../dataset/Meca_insertion/Meca_2th_hand2/top/zed_49045152_left_1747200979.758.jpg,1747200979.758,0.04329991340637207,1747200979.748,21.22,34.56,-17.2,25.43,67.61,-45.11,186.14
../dataset/Meca_insertion/Meca_2th_hand2/front/zed_41182735_left_1747200979.969.jpg,1747200979.969,0.04830002784729004,1747200979.954,21.34,34.7,-16.63,25.58,66.91,-45.35,186.23
../dataset/Meca_insertion/Meca_2th_hand2/front/zed_41182735_right_1747200979.969.jpg,1747200979.969,0.04830002784729004,1747200979.954,21.34,34.7,-16.63,25.58,66.91,-45.35,186.23
../dataset/Meca_insertion/Meca_2th_hand2/right/zed_49429257_right_1747200980.032.jpg,1747200980.032,0.012700080871582031,1747200980.078,21.34,34.7,-16.63,25.58,66.91,-45.35,186.23
../dataset/Meca_insertion/Meca_2th_hand2/right/zed_49429257_left_1747200980.032.jpg,1747200980.032,0.012700080871582031,1747200980.078,21.34,34.7,-16.63,25.58,66.91,-45.35,186.23
../dataset/Meca_insertion/Meca_2th_hand2/top/zed_49045152_right_1747200980.085.jpg,1747200980.085,0.04029989242553711,1747200980.078,21.34,34.7,-16.63,25.58,66.91,-45.35,186.23
../dataset/Meca_insertion/Meca_2th_hand2/top/zed_49045152_left_1747200980.085.jpg,1747200980.085,0.04029989242553711,1747200980.078,21.34,34.7,-16.63,25.58,66.91,-45.35,186.23
../dataset/Meca_insertion/Meca_2th_hand2/left/zed_44377151_left_1747200980.093.jpg,1747200980.093,0.04829978942871094,1747200980.078,21.34,34.7,-16.63,25.58,66.91,-45.35,186.23
../dataset/Meca_insertion/Meca_2th_hand2/left/zed_44377151_right_1747200980.093.jpg,1747200980.093,0.04829978942871094,1747200980.078,21.34,34.7,-16.63,25.58,66.91,-45.35,186.23
../dataset/Meca_insertion/Meca_2th_hand2/top/zed_49045152_right_1747200980.391.jpg,1747200980.391,0.011700153350830078,1747200980.436,21.48,34.87,-16.0,25.75,66.14,-45.62,186.32
../dataset/Meca_insertion/Meca_2th_hand2/top/zed_49045152_left_1747200980.391.jpg,1747200980.391,0.011700153350830078,1747200980.436,21.48,34.87,-16.0,25.75,66.14,-45.62,186.32
../dataset/Meca_insertion/Meca_2th_hand2/left/zed_44377151_right_1747200980.436.jpg,1747200980.436,0.033299922943115234,1747200980.436,21.48,34.87,-16.0,25.75,66.14,-45.62,186.32
../dataset/Meca_insertion/Meca_2th_hand2/left/zed_44377151_left_1747200980.436.jpg,1747200980.436,0.033299922943115234,1747200980.436,21.48,34.87,-16.0,25.75,66.14,-45.62,186.32
../dataset/Meca_insertion/Meca_2th_hand2/right/zed_49429257_right_1747200980.444.jpg,1747200980.444,0.04129981994628906,1747200980.436,21.48,34.87,-16.0,25.75,66.14,-45.62,186.32
../dataset/Meca_insertion/Meca_2th_hand2/right/zed_49429257_left_1747200980.444.jpg,1747200980.444,0.04129981994628906,1747200980.436,21.48,34.87,-16.0,25.75,66.14,-45.62,186.32
../dataset/Meca_insertion/Meca_2th_hand2/right/zed_49429257_right_1747200980.716.jpg,1747200980.716,0.02369999885559082,1747200980.773,21.61,35.02,-15.4,25.91,65.41,-45.87,186.38
../dataset/Meca_insertion/Meca_2th_hand2/right/zed_49429257_left_1747200980.716.jpg,1747200980.716,0.02369999885559082,1747200980.773,21.61,35.02,-15.4,25.91,65.41,-45.87,186.38
../dataset/Meca_insertion/Meca_2th_hand2/left/zed_44377151_left_1747200980.746.jpg,1747200980.746,0.0062999725341796875,1747200980.773,21.61,35.02,-15.4,25.91,65.41,-45.87,186.38
../dataset/Meca_insertion/Meca_2th_hand2/left/zed_44377151_right_1747200980.746.jpg,1747200980.746,0.0062999725341796875,1747200980.773,21.61,35.02,-15.4,25.91,65.41,-45.87,186.38
../dataset/Meca_insertion/Meca_2th_hand2/top/zed_49045152_left_1747200980.767.jpg,1747200980.767,0.027299880981445312,1747200980.773,21.61,35.02,-15.4,25.91,65.41,-45.87,186.38
../dataset/Meca_insertion/Meca_2th_hand2/top/zed_49045152_right_1747200980.767.jpg,1747200980.767,0.027299880981445312,1747200980.773,21.61,35.02,-15.4,25.91,65.41,-45.87,186.38
../dataset/Meca_insertion/Meca_2th_hand2/front/zed_41182735_left_1747200981.006.jpg,1747200981.006,0.033299922943115234,1747200981.006,21.74,35.18,-14.8,26.07,64.68,-46.12,186.41
../dataset/Meca_insertion/Meca_2th_hand2/front/zed_41182735_right_1747200981.006.jpg,1747200981.006,0.033299922943115234,1747200981.006,21.74,35.18,-14.8,26.07,64.68,-46.12,186.41
../dataset/Meca_insertion/Meca_2th_hand2/top/zed_49045152_left_1747200981.122.jpg,1747200981.122,0.015700101852416992,1747200981.171,21.82,35.27,-14.44,26.17,64.24,-46.27,186.43
../dataset/Meca_insertion/Meca_2th_hand2/top/zed_49045152_right_1747200981.122.jpg,1747200981.122,0.015700101852416992,1747200981.171,21.82,35.27,-14.44,26.17,64.24,-46.27,186.43
../dataset/Meca_insertion/Meca_2th_hand2/front/zed_41182735_right_1747200981.333.jpg,1747200981.333,0.010700225830078125,1747200981.377,21.88,35.35,-14.14,26.25,63.87,-46.39,186.43
../dataset/Meca_insertion/Meca_2th_hand2/front/zed_41182735_left_1747200981.333.jpg,1747200981.333,0.010700225830078125,1747200981.377,21.88,35.35,-14.14,26.25,63.87,-46.39,186.43
../dataset/Meca_insertion/Meca_2th_hand2/top/zed_49045152_right_1747200981.465.jpg,1747200981.465,0.00429987907409668,1747200981.494,21.93,35.41,-13.9,26.31,63.58,-46.49,186.43
../dataset/Meca_insertion/Meca_2th_hand2/top/zed_49045152_left_1747200981.465.jpg,1747200981.465,0.00429987907409668,1747200981.494,21.93,35.41,-13.9,26.31,63.58,-46.49,186.43
../dataset/Meca_insertion/Meca_2th_hand2/right/zed_49429257_right_1747200981.473.jpg,1747200981.473,0.01230001449584961,1747200981.494,21.93,35.41,-13.9,26.31,63.58,-46.49,186.43
../dataset/Meca_insertion/Meca_2th_hand2/right/zed_49429257_left_1747200981.473.jpg,1747200981.473,0.01230001449584961,1747200981.494,21.93,35.41,-13.9,26.31,63.58,-46.49,186.43
../dataset/Meca_insertion/Meca_2th_hand2/left/zed_44377151_right_1747200981.685.jpg,1747200981.685,0.0012998580932617188,1747200981.717,22.01,35.51,-13.54,26.41,63.14,-46.65,186.43
../dataset/Meca_insertion/Meca_2th_hand2/left/zed_44377151_left_1747200981.685.jpg,1747200981.685,0.0012998580932617188,1747200981.717,22.01,35.51,-13.54,26.41,63.14,-46.65,186.43
../dataset/Meca_insertion/Meca_2th_hand2/right/zed_49429257_left_1747200981.811.jpg,1747200981.811,0.0016999244689941406,1747200981.846,22.08,35.59,-13.24,26.49,62.77,-46.77,186.42
../dataset/Meca_insertion/Meca_2th_hand2/right/zed_49429257_right_1747200981.811.jpg,1747200981.811,0.0016999244689941406,1747200981.846,22.08,35.59,-13.24,26.49,62.77,-46.77,186.42
../dataset/Meca_insertion/Meca_2th_hand2/top/zed_49045152_left_1747200981.825.jpg,1747200981.825,0.01230001449584961,1747200981.846,22.08,35.59,-13.24,26.49,62.77,-46.77,186.42
../dataset/Meca_insertion/Meca_2th_hand2/top/zed_49045152_right_1747200981.825.jpg,1747200981.825,0.01230001449584961,1747200981.846,22.08,35.59,-13.24,26.49,62.77,-46.77,186.42
../dataset/Meca_insertion/Meca_2th_hand2/left/zed_44377151_right_1747200982.092.jpg,1747200982.092,0.029700040817260742,1747200982.155,22.15,35.67,-12.91,26.58,62.37,-46.91,186.41
../dataset/Meca_insertion/Meca_2th_hand2/left/zed_44377151_left_1747200982.092.jpg,1747200982.092,0.029700040817260742,1747200982.155,22.15,35.67,-12.91,26.58,62.37,-46.91,186.41
../dataset/Meca_insertion/Meca_2th_hand2/top/zed_49045152_right_1747200982.138.jpg,1747200982.138,0.016299962997436523,1747200982.155,22.15,35.67,-12.91,26.58,62.37,-46.91,186.41
../dataset/Meca_insertion/Meca_2th_hand2/top/zed_49045152_left_1747200982.138.jpg,1747200982.138,0.016299962997436523,1747200982.155,22.15,35.67,-12.91,26.58,62.37,-46.91,186.41
../dataset/Meca_insertion/Meca_2th_hand2/front/zed_41182735_right_1747200982.160.jpg,1747200982.16,0.0383000373840332,1747200982.155,22.15,35.67,-12.91,26.58,62.37,-46.91,186.41
../dataset/Meca_insertion/Meca_2th_hand2/front/zed_41182735_left_1747200982.160.jpg,1747200982.16,0.0383000373840332,1747200982.155,22.15,35.67,-12.91,26.58,62.37,-46.91,186.41
../dataset/Meca_insertion/Meca_2th_hand2/right/zed_49429257_left_1747200982.364.jpg,1747200982.364,0.0002999305725097656,1747200982.397,22.28,35.83,-12.31,26.74,61.64,-47.16,186.36
../dataset/Meca_insertion/Meca_2th_hand2/right/zed_49429257_right_1747200982.364.jpg,1747200982.364,0.0002999305725097656,1747200982.397,22.28,35.83,-12.31,26.74,61.64,-47.16,186.36
../dataset/Meca_insertion/Meca_2th_hand2/left/zed_44377151_right_1747200982.410.jpg,1747200982.41,0.04629993438720703,1747200982.397,22.28,35.83,-12.31,26.74,61.64,-47.16,186.36
../dataset/Meca_insertion/Meca_2th_hand2/left/zed_44377151_left_1747200982.410.jpg,1747200982.41,0.04629993438720703,1747200982.397,22.28,35.83,-12.31,26.74,61.64,-47.16,186.36
../dataset/Meca_insertion/Meca_2th_hand2/front/zed_41182735_right_1747200982.465.jpg,1747200982.465,0.011700153350830078,1747200982.51,22.29,35.83,-12.28,26.75,61.6,-47.17,186.36
../dataset/Meca_insertion/Meca_2th_hand2/front/zed_41182735_left_1747200982.465.jpg,1747200982.465,0.011700153350830078,1747200982.51,22.29,35.83,-12.28,26.75,61.6,-47.17,186.36
../dataset/Meca_insertion/Meca_2th_hand2/top/zed_49045152_right_1747200982.524.jpg,1747200982.524,0.047299861907958984,1747200982.51,22.29,35.83,-12.28,26.75,61.6,-47.17,186.36
../dataset/Meca_insertion/Meca_2th_hand2/top/zed_49045152_left_1747200982.524.jpg,1747200982.524,0.047299861907958984,1747200982.51,22.29,35.83,-12.28,26.75,61.6,-47.17,186.36
../dataset/Meca_insertion/Meca_2th_hand2/left/zed_44377151_left_1747200982.721.jpg,1747200982.721,0.0027000904083251953,1747200982.757,22.42,35.99,-11.68,26.91,60.87,-47.42,186.3
../dataset/Meca_insertion/Meca_2th_hand2/left/zed_44377151_right_1747200982.721.jpg,1747200982.721,0.0027000904083251953,1747200982.757,22.42,35.99,-11.68,26.91,60.87,-47.42,186.3
../dataset/Meca_insertion/Meca_2th_hand2/right/zed_49429257_left_1747200983.019.jpg,1747200983.019,0.0023000240325927734,1747200983.05,22.53,36.13,-11.14,27.06,60.21,-47.65,186.22
../dataset/Meca_insertion/Meca_2th_hand2/right/zed_49429257_right_1747200983.019.jpg,1747200983.019,0.0023000240325927734,1747200983.05,22.53,36.13,-11.14,27.06,60.21,-47.65,186.22
../dataset/Meca_insertion/Meca_2th_hand2/right/zed_49429257_left_1747200983.355.jpg,1747200983.355,0.0032999515533447266,1747200983.385,22.66,36.29,-10.54,27.22,59.48,-47.9,186.12
../dataset/Meca_insertion/Meca_2th_hand2/right/zed_49429257_right_1747200983.355.jpg,1747200983.355,0.0032999515533447266,1747200983.385,22.66,36.29,-10.54,27.22,59.48,-47.9,186.12
../dataset/Meca_insertion/Meca_2th_hand2/top/zed_49045152_left_1747200983.478.jpg,1747200983.478,0.04470014572143555,1747200983.556,22.75,36.39,-10.15,27.32,59.0,-48.06,186.04
../dataset/Meca_insertion/Meca_2th_hand2/top/zed_49045152_right_1747200983.478.jpg,1747200983.478,0.04470014572143555,1747200983.556,22.75,36.39,-10.15,27.32,59.0,-48.06,186.04
../dataset/Meca_insertion/Meca_2th_hand2/left/zed_44377151_left_1747200983.760.jpg,1747200983.76,0.0002999305725097656,1747200983.793,22.81,36.47,-9.85,27.41,58.64,-48.19,185.98
../dataset/Meca_insertion/Meca_2th_hand2/left/zed_44377151_right_1747200983.760.jpg,1747200983.76,0.0002999305725097656,1747200983.793,22.81,36.47,-9.85,27.41,58.64,-48.19,185.98
../dataset/Meca_insertion/Meca_2th_hand2/top/zed_49045152_right_1747200983.799.jpg,1747200983.799,0.039299964904785156,1747200983.793,22.81,36.47,-9.85,27.41,58.64,-48.19,185.98
../dataset/Meca_insertion/Meca_2th_hand2/top/zed_49045152_left_1747200983.799.jpg,1747200983.799,0.039299964904785156,1747200983.793,22.81,36.47,-9.85,27.41,58.64,-48.19,185.98
../dataset/Meca_insertion/Meca_2th_hand2/top/zed_49045152_right_1747200984.081.jpg,1747200984.081,0.035700082778930664,1747200984.15,22.93,36.6,-9.34,27.54,58.01,-48.4,185.86
../dataset/Meca_insertion/Meca_2th_hand2/top/zed_49045152_left_1747200984.081.jpg,1747200984.081,0.035700082778930664,1747200984.15,22.93,36.6,-9.34,27.54,58.01,-48.4,185.86
../dataset/Meca_insertion/Meca_2th_hand2/right/zed_49429257_left_1747200984.143.jpg,1747200984.143,0.026299715042114258,1747200984.15,22.93,36.6,-9.34,27.54,58.01,-48.4,185.86
../dataset/Meca_insertion/Meca_2th_hand2/right/zed_49429257_right_1747200984.143.jpg,1747200984.143,0.026299715042114258,1747200984.15,22.93,36.6,-9.34,27.54,58.01,-48.4,185.86
../dataset/Meca_insertion/Meca_2th_hand2/front/zed_41182735_left_1747200984.151.jpg,1747200984.151,0.03429985046386719,1747200984.15,22.93,36.6,-9.34,27.54,58.01,-48.4,185.86
../dataset/Meca_insertion/Meca_2th_hand2/front/zed_41182735_right_1747200984.151.jpg,1747200984.151,0.03429985046386719,1747200984.15,22.93,36.6,-9.34,27.54,58.01,-48.4,185.86
../dataset/Meca_insertion/Meca_2th_hand2/right/zed_49429257_right_1747200984.364.jpg,1747200984.364,0.0002999305725097656,1747200984.397,23.06,36.76,-8.71,27.71,57.24,-48.67,185.69
../dataset/Meca_insertion/Meca_2th_hand2/right/zed_49429257_left_1747200984.364.jpg,1747200984.364,0.0002999305725097656,1747200984.397,23.06,36.76,-8.71,27.71,57.24,-48.67,185.69
../dataset/Meca_insertion/Meca_2th_hand2/front/zed_41182735_left_1747200984.492.jpg,1747200984.492,0.01230001449584961,1747200984.513,23.1,36.8,-8.56,27.75,57.06,-48.73,185.65
../dataset/Meca_insertion/Meca_2th_hand2/front/zed_41182735_right_1747200984.492.jpg,1747200984.492,0.01230001449584961,1747200984.513,23.1,36.8,-8.56,27.75,57.06,-48.73,185.65
../dataset/Meca_insertion/Meca_2th_hand2/top/zed_49045152_left_1747200984.497.jpg,1747200984.497,0.017299890518188477,1747200984.513,23.1,36.8,-8.56,27.75,57.06,-48.73,185.65
../dataset/Meca_insertion/Meca_2th_hand2/top/zed_49045152_right_1747200984.497.jpg,1747200984.497,0.017299890518188477,1747200984.513,23.1,36.8,-8.56,27.75,57.06,-48.73,185.65
../dataset/Meca_insertion/Meca_2th_hand2/right/zed_49429257_right_1747200984.673.jpg,1747200984.673,0.022700071334838867,1747200984.729,23.18,36.9,-8.17,27.86,56.58,-48.89,185.53
../dataset/Meca_insertion/Meca_2th_hand2/right/zed_49429257_left_1747200984.673.jpg,1747200984.673,0.022700071334838867,1747200984.729,23.18,36.9,-8.17,27.86,56.58,-48.89,185.53
../dataset/Meca_insertion/Meca_2th_hand2/left/zed_44377151_left_1747200985.070.jpg,1747200985.07,0.016700029373168945,1747200985.12,23.32,37.07,-7.54,28.03,55.82,-49.16,185.33
../dataset/Meca_insertion/Meca_2th_hand2/left/zed_44377151_right_1747200985.070.jpg,1747200985.07,0.016700029373168945,1747200985.12,23.32,37.07,-7.54,28.03,55.82,-49.16,185.33
../dataset/Meca_insertion/Meca_2th_hand2/right/zed_49429257_right_1747200985.120.jpg,1747200985.12,0.033299922943115234,1747200985.12,23.32,37.07,-7.54,28.03,55.82,-49.16,185.33
../dataset/Meca_insertion/Meca_2th_hand2/right/zed_49429257_left_1747200985.120.jpg,1747200985.12,0.033299922943115234,1747200985.12,23.32,37.07,-7.54,28.03,55.82,-49.16,185.33
../dataset/Meca_insertion/Meca_2th_hand2/top/zed_49045152_right_1747200985.133.jpg,1747200985.133,0.04629993438720703,1747200985.12,23.32,37.07,-7.54,28.03,55.82,-49.16,185.33
../dataset/Meca_insertion/Meca_2th_hand2/top/zed_49045152_left_1747200985.133.jpg,1747200985.133,0.04629993438720703,1747200985.12,23.32,37.07,-7.54,28.03,55.82,-49.16,185.33
../dataset/Meca_insertion/Meca_2th_hand2/right/zed_49429257_right_1747200985.476.jpg,1747200985.476,0.020299911499023438,1747200985.489,23.49,37.28,-6.73,28.25,54.83,-49.49,185.03
../dataset/Meca_insertion/Meca_2th_hand2/right/zed_49429257_left_1747200985.476.jpg,1747200985.476,0.020299911499023438,1747200985.489,23.49,37.28,-6.73,28.25,54.83,-49.49,185.03
../dataset/Meca_insertion/Meca_2th_hand2/left/zed_44377151_right_1747200985.489.jpg,1747200985.489,0.033299922943115234,1747200985.489,23.49,37.28,-6.73,28.25,54.83,-49.49,185.03
../dataset/Meca_insertion/Meca_2th_hand2/left/zed_44377151_left_1747200985.489.jpg,1747200985.489,0.033299922943115234,1747200985.489,23.49,37.28,-6.73,28.25,54.83,-49.49,185.03
../dataset/Meca_insertion/Meca_2th_hand2/top/zed_49045152_left_1747200985.503.jpg,1747200985.503,0.047299861907958984,1747200985.489,23.49,37.28,-6.73,28.25,54.83,-49.49,185.03
../dataset/Meca_insertion/Meca_2th_hand2/top/zed_49045152_right_1747200985.503.jpg,1747200985.503,0.047299861907958984,1747200985.489,23.49,37.28,-6.73,28.25,54.83,-49.49,185.03
../dataset/Meca_insertion/Meca_2th_hand2/front/zed_41182735_left_1747200985.523.jpg,1747200985.523,0.04870009422302246,1747200985.605,23.51,37.3,-6.65,28.27,54.74,-49.53,185.0
../dataset/Meca_insertion/Meca_2th_hand2/front/zed_41182735_right_1747200985.523.jpg,1747200985.523,0.04870009422302246,1747200985.605,23.51,37.3,-6.65,28.27,54.74,-49.53,185.0
../dataset/Meca_insertion/Meca_2th_hand2/left/zed_44377151_left_1747200985.848.jpg,1747200985.848,0.006700038909912109,1747200985.888,23.46,37.24,-6.86,28.21,54.99,-49.44,185.08
../dataset/Meca_insertion/Meca_2th_hand2/left/zed_44377151_right_1747200985.848.jpg,1747200985.848,0.006700038909912109,1747200985.888,23.46,37.24,-6.86,28.21,54.99,-49.44,185.08
../dataset/Meca_insertion/Meca_2th_hand2/left/zed_44377151_left_1747200986.169.jpg,1747200986.169,0.012700080871582031,1747200986.215,23.31,37.06,-7.55,28.02,55.84,-49.15,185.33
../dataset/Meca_insertion/Meca_2th_hand2/left/zed_44377151_right_1747200986.169.jpg,1747200986.169,0.012700080871582031,1747200986.215,23.31,37.06,-7.55,28.02,55.84,-49.15,185.33
../dataset/Meca_insertion/Meca_2th_hand2/front/zed_41182735_right_1747200986.215.jpg,1747200986.215,0.033299922943115234,1747200986.215,23.31,37.06,-7.55,28.02,55.84,-49.15,185.33
../dataset/Meca_insertion/Meca_2th_hand2/front/zed_41182735_left_1747200986.215.jpg,1747200986.215,0.033299922943115234,1747200986.215,23.31,37.06,-7.55,28.02,55.84,-49.15,185.33
../dataset/Meca_insertion/Meca_2th_hand2/right/zed_49429257_left_1747200986.422.jpg,1747200986.422,0.00370025634765625,1747200986.459,23.18,36.91,-8.15,27.86,56.57,-48.9,185.53
../dataset/Meca_insertion/Meca_2th_hand2/right/zed_49429257_right_1747200986.422.jpg,1747200986.422,0.00370025634765625,1747200986.459,23.18,36.91,-8.15,27.86,56.57,-48.9,185.53
../dataset/Meca_insertion/Meca_2th_hand2/front/zed_41182735_left_1747200986.541.jpg,1747200986.541,0.014700174331665039,1747200986.589,23.17,36.89,-8.21,27.85,56.64,-48.87,185.55
../dataset/Meca_insertion/Meca_2th_hand2/front/zed_41182735_right_1747200986.541.jpg,1747200986.541,0.014700174331665039,1747200986.589,23.17,36.89,-8.21,27.85,56.64,-48.87,185.55
../dataset/Meca_insertion/Meca_2th_hand2/top/zed_49045152_left_1747200986.580.jpg,1747200986.58,0.02429986000061035,1747200986.589,23.17,36.89,-8.21,27.85,56.64,-48.87,185.55
../dataset/Meca_insertion/Meca_2th_hand2/top/zed_49045152_right_1747200986.580.jpg,1747200986.58,0.02429986000061035,1747200986.589,23.17,36.89,-8.21,27.85,56.64,-48.87,185.55
../dataset/Meca_insertion/Meca_2th_hand2/top/zed_49045152_left_1747200986.814.jpg,1747200986.814,0.022700071334838867,1747200986.87,23.05,36.75,-8.75,27.7,57.3,-48.65,185.71
../dataset/Meca_insertion/Meca_2th_hand2/top/zed_49045152_right_1747200986.814.jpg,1747200986.814,0.022700071334838867,1747200986.87,23.05,36.75,-8.75,27.7,57.3,-48.65,185.71
../dataset/Meca_insertion/Meca_2th_hand2/left/zed_44377151_left_1747200986.841.jpg,1747200986.841,0.004300117492675781,1747200986.87,23.05,36.75,-8.75,27.7,57.3,-48.65,185.71
../dataset/Meca_insertion/Meca_2th_hand2/left/zed_44377151_right_1747200986.841.jpg,1747200986.841,0.004300117492675781,1747200986.87,23.05,36.75,-8.75,27.7,57.3,-48.65,185.71
../dataset/Meca_insertion/Meca_2th_hand2/front/zed_41182735_right_1747200986.876.jpg,1747200986.876,0.039299964904785156,1747200986.87,23.05,36.75,-8.75,27.7,57.3,-48.65,185.71
../dataset/Meca_insertion/Meca_2th_hand2/front/zed_41182735_left_1747200986.876.jpg,1747200986.876,0.039299964904785156,1747200986.87,23.05,36.75,-8.75,27.7,57.3,-48.65,185.71
../dataset/Meca_insertion/Meca_2th_hand2/right/zed_49429257_left_1747200987.000.jpg,1747200987.0,0.04270005226135254,1747200987.076,22.94,36.62,-9.26,27.56,57.92,-48.43,185.84
../dataset/Meca_insertion/Meca_2th_hand2/right/zed_49429257_right_1747200987.000.jpg,1747200987.0,0.04270005226135254,1747200987.076,22.94,36.62,-9.26,27.56,57.92,-48.43,185.84
../dataset/Meca_insertion/Meca_2th_hand2/top/zed_49045152_left_1747200987.154.jpg,1747200987.154,0.018700122833251953,1747200987.206,22.91,36.58,-9.41,27.52,58.11,-48.37,185.88
../dataset/Meca_insertion/Meca_2th_hand2/top/zed_49045152_right_1747200987.154.jpg,1747200987.154,0.018700122833251953,1747200987.206,22.91,36.58,-9.41,27.52,58.11,-48.37,185.88
../dataset/Meca_insertion/Meca_2th_hand2/left/zed_44377151_right_1747200987.192.jpg,1747200987.192,0.019299745559692383,1747200987.206,22.91,36.58,-9.41,27.52,58.11,-48.37,185.88
../dataset/Meca_insertion/Meca_2th_hand2/left/zed_44377151_left_1747200987.192.jpg,1747200987.192,0.019299745559692383,1747200987.206,22.91,36.58,-9.41,27.52,58.11,-48.37,185.88
../dataset/Meca_insertion/Meca_2th_hand2/right/zed_49429257_right_1747200987.315.jpg,1747200987.315,0.033299922943115234,1747200987.315,22.85,36.51,-9.68,27.45,58.44,-48.26,185.94
../dataset/Meca_insertion/Meca_2th_hand2/right/zed_49429257_left_1747200987.315.jpg,1747200987.315,0.033299922943115234,1747200987.315,22.85,36.51,-9.68,27.45,58.44,-48.26,185.94
../dataset/Meca_insertion/Meca_2th_hand2/top/zed_49045152_left_1747200987.458.jpg,1747200987.458,0.04829978942871094,1747200987.443,22.8,36.45,-9.92,27.39,58.73,-48.16,186.0
../dataset/Meca_insertion/Meca_2th_hand2/top/zed_49045152_right_1747200987.458.jpg,1747200987.458,0.04829978942871094,1747200987.443,22.8,36.45,-9.92,27.39,58.73,-48.16,186.0
../dataset/Meca_insertion/Meca_2th_hand2/front/zed_41182735_right_1747200987.525.jpg,1747200987.525,0.010299921035766602,1747200987.548,22.77,36.41,-10.07,27.34,58.91,-48.1,186.03
../dataset/Meca_insertion/Meca_2th_hand2/front/zed_41182735_left_1747200987.525.jpg,1747200987.525,0.010299921035766602,1747200987.548,22.77,36.41,-10.07,27.34,58.91,-48.1,186.03
../dataset/Meca_insertion/Meca_2th_hand2/right/zed_49429257_left_1747200987.556.jpg,1747200987.556,0.04129981994628906,1747200987.548,22.77,36.41,-10.07,27.34,58.91,-48.1,186.03
../dataset/Meca_insertion/Meca_2th_hand2/right/zed_49429257_right_1747200987.556.jpg,1747200987.556,0.04129981994628906,1747200987.548,22.77,36.41,-10.07,27.34,58.91,-48.1,186.03
../dataset/Meca_insertion/Meca_2th_hand2/top/zed_49045152_right_1747200987.819.jpg,1747200987.819,0.04629993438720703,1747200987.806,22.65,36.27,-10.58,27.21,59.54,-47.88,186.13
../dataset/Meca_insertion/Meca_2th_hand2/top/zed_49045152_left_1747200987.819.jpg,1747200987.819,0.04629993438720703,1747200987.806,22.65,36.27,-10.58,27.21,59.54,-47.88,186.13
../dataset/Meca_insertion/Meca_2th_hand2/front/zed_41182735_left_1747200987.881.jpg,1747200987.881,0.006700038909912109,1747200987.921,22.63,36.25,-10.67,27.18,59.65,-47.84,186.15
../dataset/Meca_insertion/Meca_2th_hand2/front/zed_41182735_right_1747200987.881.jpg,1747200987.881,0.006700038909912109,1747200987.921,22.63,36.25,-10.67,27.18,59.65,-47.84,186.15
../dataset/Meca_insertion/Meca_2th_hand2/left/zed_44377151_right_1747200987.903.jpg,1747200987.903,0.01530003547668457,1747200987.921,22.63,36.25,-10.67,27.18,59.65,-47.84,186.15
../dataset/Meca_insertion/Meca_2th_hand2/left/zed_44377151_left_1747200987.903.jpg,1747200987.903,0.01530003547668457,1747200987.921,22.63,36.25,-10.67,27.18,59.65,-47.84,186.15
../dataset/Meca_insertion/Meca_2th_hand2/right/zed_49429257_right_1747200987.925.jpg,1747200987.925,0.03729987144470215,1747200987.921,22.63,36.25,-10.67,27.18,59.65,-47.84,186.15
../dataset/Meca_insertion/Meca_2th_hand2/right/zed_49429257_left_1747200987.925.jpg,1747200987.925,0.03729987144470215,1747200987.921,22.63,36.25,-10.67,27.18,59.65,-47.84,186.15
../dataset/Meca_insertion/Meca_2th_hand2/right/zed_49429257_right_1747200988.228.jpg,1747200988.228,0.019700050354003906,1747200988.281,22.52,36.11,-11.21,27.04,60.3,-47.62,186.23
../dataset/Meca_insertion/Meca_2th_hand2/right/zed_49429257_left_1747200988.228.jpg,1747200988.228,0.019700050354003906,1747200988.281,22.52,36.11,-11.21,27.04,60.3,-47.62,186.23
../dataset/Meca_insertion/Meca_2th_hand2/left/zed_44377151_right_1747200988.257.jpg,1747200988.257,0.009299993515014648,1747200988.281,22.52,36.11,-11.21,27.04,60.3,-47.62,186.23
../dataset/Meca_insertion/Meca_2th_hand2/left/zed_44377151_left_1747200988.257.jpg,1747200988.257,0.009299993515014648,1747200988.281,22.52,36.11,-11.21,27.04,60.3,-47.62,186.23
../dataset/Meca_insertion/Meca_2th_hand2/top/zed_49045152_right_1747200988.281.jpg,1747200988.281,0.033299922943115234,1747200988.281,22.52,36.11,-11.21,27.04,60.3,-47.62,186.23
../dataset/Meca_insertion/Meca_2th_hand2/top/zed_49045152_left_1747200988.281.jpg,1747200988.281,0.033299922943115234,1747200988.281,22.52,36.11,-11.21,27.04,60.3,-47.62,186.23
../dataset/Meca_insertion/Meca_2th_hand2/right/zed_49429257_right_1747200988.512.jpg,1747200988.512,0.033299922943115234,1747200988.512,22.39,35.96,-11.81,26.88,61.04,-47.37,186.31
../dataset/Meca_insertion/Meca_2th_hand2/right/zed_49429257_left_1747200988.512.jpg,1747200988.512,0.033299922943115234,1747200988.512,22.39,35.96,-11.81,26.88,61.04,-47.37,186.31
../dataset/Meca_insertion/Meca_2th_hand2/front/zed_41182735_right_1747200988.607.jpg,1747200988.607,0.008699893951416016,1747200988.649,22.33,35.89,-12.05,26.81,61.33,-47.27,186.34
../dataset/Meca_insertion/Meca_2th_hand2/front/zed_41182735_left_1747200988.607.jpg,1747200988.607,0.008699893951416016,1747200988.649,22.33,35.89,-12.05,26.81,61.33,-47.27,186.34
../dataset/Meca_insertion/Meca_2th_hand2/left/zed_44377151_left_1747200988.627.jpg,1747200988.627,0.011300086975097656,1747200988.649,22.33,35.89,-12.05,26.81,61.33,-47.27,186.34
../dataset/Meca_insertion/Meca_2th_hand2/left/zed_44377151_right_1747200988.627.jpg,1747200988.627,0.011300086975097656,1747200988.649,22.33,35.89,-12.05,26.81,61.33,-47.27,186.34
../dataset/Meca_insertion/Meca_2th_hand2/top/zed_49045152_right_1747200988.841.jpg,1747200988.841,0.015700101852416992,1747200988.89,22.26,35.8,-12.41,26.71,61.77,-47.12,186.37
../dataset/Meca_insertion/Meca_2th_hand2/top/zed_49045152_left_1747200988.841.jpg,1747200988.841,0.015700101852416992,1747200988.89,22.26,35.8,-12.41,26.71,61.77,-47.12,186.37
../dataset/Meca_insertion/Meca_2th_hand2/right/zed_49429257_right_1747200988.890.jpg,1747200988.89,0.033299922943115234,1747200988.89,22.26,35.8,-12.41,26.71,61.77,-47.12,186.37
../dataset/Meca_insertion/Meca_2th_hand2/right/zed_49429257_left_1747200988.890.jpg,1747200988.89,0.033299922943115234,1747200988.89,22.26,35.8,-12.41,26.71,61.77,-47.12,186.37
../dataset/Meca_insertion/Meca_2th_hand2/front/zed_41182735_left_1747200988.908.jpg,1747200988.908,0.04870009422302246,1747200988.99,22.19,35.72,-12.71,26.63,62.13,-46.99,186.39
../dataset/Meca_insertion/Meca_2th_hand2/front/zed_41182735_right_1747200988.908.jpg,1747200988.908,0.04870009422302246,1747200988.99,22.19,35.72,-12.71,26.63,62.13,-46.99,186.39
../dataset/Meca_insertion/Meca_2th_hand2/left/zed_44377151_left_1747200988.961.jpg,1747200988.961,0.00429987907409668,1747200988.99,22.19,35.72,-12.71,26.63,62.13,-46.99,186.39
../dataset/Meca_insertion/Meca_2th_hand2/left/zed_44377151_right_1747200988.961.jpg,1747200988.961,0.00429987907409668,1747200988.99,22.19,35.72,-12.71,26.63,62.13,-46.99,186.39
../dataset/Meca_insertion/Meca_2th_hand2/top/zed_49045152_right_1747200989.148.jpg,1747200989.148,0.027700185775756836,1747200989.209,22.12,35.64,-13.04,26.54,62.54,-46.85,186.41
../dataset/Meca_insertion/Meca_2th_hand2/top/zed_49045152_left_1747200989.148.jpg,1747200989.148,0.027700185775756836,1747200989.209,22.12,35.64,-13.04,26.54,62.54,-46.85,186.41
../dataset/Meca_insertion/Meca_2th_hand2/right/zed_49429257_right_1747200989.209.jpg,1747200989.209,0.033299922943115234,1747200989.209,22.12,35.64,-13.04,26.54,62.54,-46.85,186.41
../dataset/Meca_insertion/Meca_2th_hand2/right/zed_49429257_left_1747200989.209.jpg,1747200989.209,0.033299922943115234,1747200989.209,22.12,35.64,-13.04,26.54,62.54,-46.85,186.41
../dataset/Meca_insertion/Meca_2th_hand2/front/zed_41182735_right_1747200989.589.jpg,1747200989.589,0.0062999725341796875,1747200989.616,21.98,35.47,-13.67,26.37,63.3,-46.59,186.43
../dataset/Meca_insertion/Meca_2th_hand2/front/zed_41182735_left_1747200989.589.jpg,1747200989.589,0.0062999725341796875,1747200989.616,21.98,35.47,-13.67,26.37,63.3,-46.59,186.43
../dataset/Meca_insertion/Meca_2th_hand2/top/zed_49045152_left_1747200989.610.jpg,1747200989.61,0.027299880981445312,1747200989.616,21.98,35.47,-13.67,26.37,63.3,-46.59,186.43
../dataset/Meca_insertion/Meca_2th_hand2/top/zed_49045152_right_1747200989.610.jpg,1747200989.61,0.027299880981445312,1747200989.616,21.98,35.47,-13.67,26.37,63.3,-46.59,186.43
../dataset/Meca_insertion/Meca_2th_hand2/left/zed_44377151_right_1747200989.627.jpg,1747200989.627,0.044300079345703125,1747200989.616,21.98,35.47,-13.67,26.37,63.3,-46.59,186.43
../dataset/Meca_insertion/Meca_2th_hand2/left/zed_44377151_left_1747200989.627.jpg,1747200989.627,0.044300079345703125,1747200989.616,21.98,35.47,-13.67,26.37,63.3,-46.59,186.43
../dataset/Meca_insertion/Meca_2th_hand2/right/zed_49429257_left_1747200989.906.jpg,1747200989.906,0.03970026969909668,1747200989.979,21.84,35.3,-14.33,26.2,64.11,-46.31,186.43
../dataset/Meca_insertion/Meca_2th_hand2/right/zed_49429257_right_1747200989.906.jpg,1747200989.906,0.03970026969909668,1747200989.979,21.84,35.3,-14.33,26.2,64.11,-46.31,186.43
../dataset/Meca_insertion/Meca_2th_hand2/left/zed_44377151_left_1747200989.979.jpg,1747200989.979,0.033299922943115234,1747200989.979,21.84,35.3,-14.33,26.2,64.11,-46.31,186.43
../dataset/Meca_insertion/Meca_2th_hand2/left/zed_44377151_right_1747200989.979.jpg,1747200989.979,0.033299922943115234,1747200989.979,21.84,35.3,-14.33,26.2,64.11,-46.31,186.43
../dataset/Meca_insertion/Meca_2th_hand2/front/zed_41182735_left_1747200990.228.jpg,1747200990.228,0.012700080871582031,1747200990.274,21.73,35.17,-14.84,26.06,64.73,-46.1,186.41
../dataset/Meca_insertion/Meca_2th_hand2/front/zed_41182735_right_1747200990.228.jpg,1747200990.228,0.012700080871582031,1747200990.274,21.73,35.17,-14.84,26.06,64.73,-46.1,186.41
../dataset/Meca_insertion/Meca_2th_hand2/top/zed_49045152_left_1747200990.290.jpg,1747200990.29,0.04929995536804199,1747200990.274,21.73,35.17,-14.84,26.06,64.73,-46.1,186.41
../dataset/Meca_insertion/Meca_2th_hand2/top/zed_49045152_right_1747200990.290.jpg,1747200990.29,0.04929995536804199,1747200990.274,21.73,35.17,-14.84,26.06,64.73,-46.1,186.41
../dataset/Meca_insertion/Meca_2th_hand2/left/zed_44377151_right_1747200990.319.jpg,1747200990.319,0.021700143814086914,1747200990.374,21.65,35.07,-15.2,25.96,65.17,-45.95,186.39
../dataset/Meca_insertion/Meca_2th_hand2/left/zed_44377151_left_1747200990.319.jpg,1747200990.319,0.021700143814086914,1747200990.374,21.65,35.07,-15.2,25.96,65.17,-45.95,186.39
../dataset/Meca_insertion/Meca_2th_hand2/top/zed_49045152_right_1747200990.609.jpg,1747200990.609,0.018700122833251953,1747200990.661,21.58,34.99,-15.53,25.87,65.57,-45.81,186.36
../dataset/Meca_insertion/Meca_2th_hand2/top/zed_49045152_left_1747200990.609.jpg,1747200990.609,0.018700122833251953,1747200990.661,21.58,34.99,-15.53,25.87,65.57,-45.81,186.36
../dataset/Meca_insertion/Meca_2th_hand2/left/zed_44377151_left_1747200990.647.jpg,1747200990.647,0.019299983978271484,1747200990.661,21.58,34.99,-15.53,25.87,65.57,-45.81,186.36
../dataset/Meca_insertion/Meca_2th_hand2/left/zed_44377151_right_1747200990.647.jpg,1747200990.647,0.019299983978271484,1747200990.661,21.58,34.99,-15.53,25.87,65.57,-45.81,186.36
../dataset/Meca_insertion/Meca_2th_hand2/right/zed_49429257_left_1747200990.823.jpg,1747200990.823,0.018700122833251953,1747200990.875,21.46,34.85,-16.07,25.73,66.23,-45.59,186.31
../dataset/Meca_insertion/Meca_2th_hand2/right/zed_49429257_right_1747200990.823.jpg,1747200990.823,0.018700122833251953,1747200990.875,21.46,34.85,-16.07,25.73,66.23,-45.59,186.31
../dataset/Meca_insertion/Meca_2th_hand2/front/zed_41182735_left_1747200990.876.jpg,1747200990.876,0.03429985046386719,1747200990.875,21.46,34.85,-16.07,25.73,66.23,-45.59,186.31
../dataset/Meca_insertion/Meca_2th_hand2/front/zed_41182735_right_1747200990.876.jpg,1747200990.876,0.03429985046386719,1747200990.875,21.46,34.85,-16.07,25.73,66.23,-45.59,186.31
../dataset/Meca_insertion/Meca_2th_hand2/left/zed_44377151_left_1747200990.940.jpg,1747200990.94,0.021699905395507812,1747200990.995,21.43,34.82,-16.19,25.7,66.38,-45.53,186.29
../dataset/Meca_insertion/Meca_2th_hand2/left/zed_44377151_right_1747200990.940.jpg,1747200990.94,0.021699905395507812,1747200990.995,21.43,34.82,-16.19,25.7,66.38,-45.53,186.29
../dataset/Meca_insertion/Meca_2th_hand2/top/zed_49045152_left_1747200990.963.jpg,1747200990.963,0.0013000965118408203,1747200990.995,21.43,34.82,-16.19,25.7,66.38,-45.53,186.29
../dataset/Meca_insertion/Meca_2th_hand2/top/zed_49045152_right_1747200990.963.jpg,1747200990.963,0.0013000965118408203,1747200990.995,21.43,34.82,-16.19,25.7,66.38,-45.53,186.29
../dataset/Meca_insertion/Meca_2th_hand2/front/zed_41182735_right_1747200991.172.jpg,1747200991.172,0.005700111389160156,1747200991.211,21.33,34.69,-16.67,25.57,66.97,-45.33,186.23
../dataset/Meca_insertion/Meca_2th_hand2/front/zed_41182735_left_1747200991.172.jpg,1747200991.172,0.005700111389160156,1747200991.211,21.33,34.69,-16.67,25.57,66.97,-45.33,186.23
../dataset/Meca_insertion/Meca_2th_hand2/left/zed_44377151_left_1747200991.597.jpg,1747200991.597,0.02129983901977539,1747200991.609,21.2,34.54,-17.27,25.41,67.7,-45.08,186.13
../dataset/Meca_insertion/Meca_2th_hand2/left/zed_44377151_right_1747200991.597.jpg,1747200991.597,0.02129983901977539,1747200991.609,21.2,34.54,-17.27,25.41,67.7,-45.08,186.13
../dataset/Meca_insertion/Meca_2th_hand2/front/zed_41182735_left_1747200991.610.jpg,1747200991.61,0.03429985046386719,1747200991.609,21.2,34.54,-17.27,25.41,67.7,-45.08,186.13
../dataset/Meca_insertion/Meca_2th_hand2/front/zed_41182735_right_1747200991.610.jpg,1747200991.61,0.03429985046386719,1747200991.609,21.2,34.54,-17.27,25.41,67.7,-45.08,186.13
../dataset/Meca_insertion/Meca_2th_hand2/top/zed_49045152_left_1747200991.662.jpg,1747200991.662,0.014700174331665039,1747200991.71,21.13,34.45,-17.6,25.32,68.1,-44.95,186.06
../dataset/Meca_insertion/Meca_2th_hand2/top/zed_49045152_right_1747200991.662.jpg,1747200991.662,0.014700174331665039,1747200991.71,21.13,34.45,-17.6,25.32,68.1,-44.95,186.06
../dataset/Meca_insertion/Meca_2th_hand2/front/zed_41182735_left_1747200991.913.jpg,1747200991.913,0.0013000965118408203,1747200991.945,21.07,34.38,-17.87,25.24,68.43,-44.83,186.01
../dataset/Meca_insertion/Meca_2th_hand2/front/zed_41182735_right_1747200991.913.jpg,1747200991.913,0.0013000965118408203,1747200991.945,21.07,34.38,-17.87,25.24,68.43,-44.83,186.01
../dataset/Meca_insertion/Meca_2th_hand2/top/zed_49045152_left_1747200991.937.jpg,1747200991.937,0.025300025939941406,1747200991.945,21.07,34.38,-17.87,25.24,68.43,-44.83,186.01
../dataset/Meca_insertion/Meca_2th_hand2/top/zed_49045152_right_1747200991.937.jpg,1747200991.937,0.025300025939941406,1747200991.945,21.07,34.38,-17.87,25.24,68.43,-44.83,186.01
../dataset/Meca_insertion/Meca_2th_hand2/right/zed_49429257_left_1747200991.960.jpg,1747200991.96,0.04830002784729004,1747200991.945,21.07,34.38,-17.87,25.24,68.43,-44.83,186.01
../dataset/Meca_insertion/Meca_2th_hand2/right/zed_49429257_right_1747200991.960.jpg,1747200991.96,0.04830002784729004,1747200991.945,21.07,34.38,-17.87,25.24,68.43,-44.83,186.01
../dataset/Meca_insertion/Meca_2th_hand2/right/zed_49429257_right_1747200992.204.jpg,1747200992.204,0.03670001029968262,1747200992.274,20.94,34.22,-18.47,25.08,69.16,-44.58,185.87
../dataset/Meca_insertion/Meca_2th_hand2/right/zed_49429257_left_1747200992.204.jpg,1747200992.204,0.03670001029968262,1747200992.274,20.94,34.22,-18.47,25.08,69.16,-44.58,185.87
../dataset/Meca_insertion/Meca_2th_hand2/top/zed_49045152_right_1747200992.255.jpg,1747200992.255,0.014300107955932617,1747200992.274,20.94,34.22,-18.47,25.08,69.16,-44.58,185.87
../dataset/Meca_insertion/Meca_2th_hand2/top/zed_49045152_left_1747200992.255.jpg,1747200992.255,0.014300107955932617,1747200992.274,20.94,34.22,-18.47,25.08,69.16,-44.58,185.87
../dataset/Meca_insertion/Meca_2th_hand2/front/zed_41182735_left_1747200992.285.jpg,1747200992.285,0.044300079345703125,1747200992.274,20.94,34.22,-18.47,25.08,69.16,-44.58,185.87
../dataset/Meca_insertion/Meca_2th_hand2/front/zed_41182735_right_1747200992.285.jpg,1747200992.285,0.044300079345703125,1747200992.274,20.94,34.22,-18.47,25.08,69.16,-44.58,185.87
../dataset/Meca_insertion/Meca_2th_hand2/right/zed_49429257_right_1747200992.480.jpg,1747200992.48,0.0012998580932617188,1747200992.512,20.83,34.09,-18.98,24.94,69.79,-44.37,185.73
../dataset/Meca_insertion/Meca_2th_hand2/right/zed_49429257_left_1747200992.480.jpg,1747200992.48,0.0012998580932617188,1747200992.512,20.83,34.09,-18.98,24.94,69.79,-44.37,185.73
../dataset/Meca_insertion/Meca_2th_hand2/front/zed_41182735_left_1747200992.519.jpg,1747200992.519,0.04029989242553711,1747200992.512,20.83,34.09,-18.98,24.94,69.79,-44.37,185.73
../dataset/Meca_insertion/Meca_2th_hand2/front/zed_41182735_right_1747200992.519.jpg,1747200992.519,0.04029989242553711,1747200992.512,20.83,34.09,-18.98,24.94,69.79,-44.37,185.73
../dataset/Meca_insertion/Meca_2th_hand2/front/zed_41182735_right_1747200992.944.jpg,1747200992.944,0.03670001029968262,1747200993.014,20.67,33.9,-19.7,24.75,70.66,-44.07,185.52
../dataset/Meca_insertion/Meca_2th_hand2/front/zed_41182735_left_1747200992.944.jpg,1747200992.944,0.03670001029968262,1747200993.014,20.67,33.9,-19.7,24.75,70.66,-44.07,185.52
../dataset/Meca_insertion/Meca_2th_hand2/left/zed_44377151_right_1747200993.002.jpg,1747200993.002,0.021300077438354492,1747200993.014,20.67,33.9,-19.7,24.75,70.66,-44.07,185.52
../dataset/Meca_insertion/Meca_2th_hand2/left/zed_44377151_left_1747200993.002.jpg,1747200993.002,0.021300077438354492,1747200993.014,20.67,33.9,-19.7,24.75,70.66,-44.07,185.52
../dataset/Meca_insertion/Meca_2th_hand2/top/zed_49045152_right_1747200993.008.jpg,1747200993.008,0.027299880981445312,1747200993.014,20.67,33.9,-19.7,24.75,70.66,-44.07,185.52
../dataset/Meca_insertion/Meca_2th_hand2/top/zed_49045152_left_1747200993.008.jpg,1747200993.008,0.027299880981445312,1747200993.014,20.67,33.9,-19.7,24.75,70.66,-44.07,185.52
../dataset/Meca_insertion/Meca_2th_hand2/right/zed_49429257_left_1747200993.221.jpg,1747200993.221,0.006700038909912109,1747200993.261,20.54,33.75,-20.3,24.59,71.4,-43.82,185.32
../dataset/Meca_insertion/Meca_2th_hand2/right/zed_49429257_right_1747200993.221.jpg,1747200993.221,0.006700038909912109,1747200993.261,20.54,33.75,-20.3,24.59,71.4,-43.82,185.32
../dataset/Meca_insertion/Meca_2th_hand2/front/zed_41182735_right_1747200993.265.jpg,1747200993.265,0.03730010986328125,1747200993.261,20.54,33.75,-20.3,24.59,71.4,-43.82,185.32
../dataset/Meca_insertion/Meca_2th_hand2/front/zed_41182735_left_1747200993.265.jpg,1747200993.265,0.03730010986328125,1747200993.261,20.54,33.75,-20.3,24.59,71.4,-43.82,185.32
../dataset/Meca_insertion/Meca_2th_hand2/top/zed_49045152_right_1747200993.322.jpg,1747200993.322,0.041700124740600586,1747200993.397,20.47,33.66,-20.63,24.5,71.8,-43.68,185.2
../dataset/Meca_insertion/Meca_2th_hand2/top/zed_49045152_left_1747200993.322.jpg,1747200993.322,0.041700124740600586,1747200993.397,20.47,33.66,-20.63,24.5,71.8,-43.68,185.2
../dataset/Meca_insertion/Meca_2th_hand2/left/zed_44377151_right_1747200993.358.jpg,1747200993.358,0.005700111389160156,1747200993.397,20.47,33.66,-20.63,24.5,71.8,-43.68,185.2
../dataset/Meca_insertion/Meca_2th_hand2/left/zed_44377151_left_1747200993.358.jpg,1747200993.358,0.005700111389160156,1747200993.397,20.47,33.66,-20.63,24.5,71.8,-43.68,185.2
../dataset/Meca_insertion/Meca_2th_hand2/front/zed_41182735_right_1747200993.586.jpg,1747200993.586,0.0017001628875732422,1747200993.621,20.4,33.58,-20.96,24.41,72.2,-43.54,185.07
../dataset/Meca_insertion/Meca_2th_hand2/front/zed_41182735_left_1747200993.586.jpg,1747200993.586,0.0017001628875732422,1747200993.621,20.4,33.58,-20.96,24.41,72.2,-43.54,185.07
../dataset/Meca_insertion/Meca_2th_hand2/top/zed_49045152_left_1747200993.621.jpg,1747200993.621,0.033299922943115234,1747200993.621,20.4,33.58,-20.96,24.41,72.2,-43.54,185.07
../dataset/Meca_insertion/Meca_2th_hand2/top/zed_49045152_right_1747200993.621.jpg,1747200993.621,0.033299922943115234,1747200993.621,20.4,33.58,-20.96,24.41,72.2,-43.54,185.07
../dataset/Meca_insertion/Meca_2th_hand2/right/zed_49429257_left_1747200993.862.jpg,1747200993.862,0.04929995536804199,1747200993.846,20.37,33.54,-21.1,24.38,72.36,-43.48,185.02
../dataset/Meca_insertion/Meca_2th_hand2/right/zed_49429257_right_1747200993.862.jpg,1747200993.862,0.04929995536804199,1747200993.846,20.37,33.54,-21.1,24.38,72.36,-43.48,185.02
../dataset/Meca_insertion/Meca_2th_hand2/front/zed_41182735_left_1747200993.930.jpg,1747200993.93,0.0027000904083251953,1747200993.966,20.38,33.56,-21.04,24.39,72.29,-43.51,185.04
../dataset/Meca_insertion/Meca_2th_hand2/front/zed_41182735_right_1747200993.930.jpg,1747200993.93,0.0027000904083251953,1747200993.966,20.38,33.56,-21.04,24.39,72.29,-43.51,185.04
../dataset/Meca_insertion/Meca_2th_hand2/left/zed_44377151_right_1747200993.944.jpg,1747200993.944,0.011299848556518555,1747200993.966,20.38,33.56,-21.04,24.39,72.29,-43.51,185.04
../dataset/Meca_insertion/Meca_2th_hand2/left/zed_44377151_left_1747200993.944.jpg,1747200993.944,0.011299848556518555,1747200993.966,20.38,33.56,-21.04,24.39,72.29,-43.51,185.04
../dataset/Meca_insertion/Meca_2th_hand2/top/zed_49045152_right_1747200993.968.jpg,1747200993.968,0.03529977798461914,1747200993.966,20.38,33.56,-21.04,24.39,72.29,-43.51,185.04
../dataset/Meca_insertion/Meca_2th_hand2/top/zed_49045152_left_1747200993.968.jpg,1747200993.968,0.03529977798461914,1747200993.966,20.38,33.56,-21.04,24.39,72.29,-43.51,185.04
../dataset/Meca_insertion/Meca_2th_hand2/right/zed_49429257_right_1747200994.214.jpg,1747200994.214,0.033299922943115234,1747200994.214,20.51,33.71,-20.44,24.55,71.56,-43.76,185.27
../dataset/Meca_insertion/Meca_2th_hand2/right/zed_49429257_left_1747200994.214.jpg,1747200994.214,0.033299922943115234,1747200994.214,20.51,33.71,-20.44,24.55,71.56,-43.76,185.27
../dataset/Meca_insertion/Meca_2th_hand2/right/zed_49429257_left_1747200994.528.jpg,1747200994.528,0.044300079345703125,1747200994.517,20.63,33.85,-19.9,24.7,70.9,-43.98,185.45
../dataset/Meca_insertion/Meca_2th_hand2/right/zed_49429257_right_1747200994.528.jpg,1747200994.528,0.044300079345703125,1747200994.517,20.63,33.85,-19.9,24.7,70.9,-43.98,185.45
../dataset/Meca_insertion/Meca_2th_hand2/top/zed_49045152_left_1747200994.583.jpg,1747200994.583,0.006700038909912109,1747200994.623,20.64,33.87,-19.84,24.71,70.83,-44.01,185.47
../dataset/Meca_insertion/Meca_2th_hand2/top/zed_49045152_right_1747200994.583.jpg,1747200994.583,0.006700038909912109,1747200994.623,20.64,33.87,-19.84,24.71,70.83,-44.01,185.47
../dataset/Meca_insertion/Meca_2th_hand2/left/zed_44377151_right_1747200994.627.jpg,1747200994.627,0.03730010986328125,1747200994.623,20.64,33.87,-19.84,24.71,70.83,-44.01,185.47
../dataset/Meca_insertion/Meca_2th_hand2/left/zed_44377151_left_1747200994.627.jpg,1747200994.627,0.03730010986328125,1747200994.623,20.64,33.87,-19.84,24.71,70.83,-44.01,185.47
../dataset/Meca_insertion/Meca_2th_hand2/left/zed_44377151_left_1747200994.922.jpg,1747200994.922,0.043700218200683594,1747200994.999,20.77,34.03,-19.24,24.88,70.1,-44.26,185.66
../dataset/Meca_insertion/Meca_2th_hand2/left/zed_44377151_right_1747200994.922.jpg,1747200994.922,0.043700218200683594,1747200994.999,20.77,34.03,-19.24,24.88,70.1,-44.26,185.66
../dataset/Meca_insertion/Meca_2th_hand2/top/zed_49045152_right_1747200994.967.jpg,1747200994.967,0.0012998580932617188,1747200994.999,20.77,34.03,-19.24,24.88,70.1,-44.26,185.66
../dataset/Meca_insertion/Meca_2th_hand2/top/zed_49045152_left_1747200994.967.jpg,1747200994.967,0.0012998580932617188,1747200994.999,20.77,34.03,-19.24,24.88,70.1,-44.26,185.66
../dataset/Meca_insertion/Meca_2th_hand2/front/zed_41182735_right_1747200994.975.jpg,1747200994.975,0.009299755096435547,1747200994.999,20.77,34.03,-19.24,24.88,70.1,-44.26,185.66
../dataset/Meca_insertion/Meca_2th_hand2/front/zed_41182735_left_1747200994.975.jpg,1747200994.975,0.009299755096435547,1747200994.999,20.77,34.03,-19.24,24.88,70.1,-44.26,185.66
../dataset/Meca_insertion/Meca_2th_hand2/front/zed_41182735_left_1747200995.268.jpg,1747200995.268,0.0027000904083251953,1747200995.304,20.9,34.18,-18.64,25.04,69.37,-44.51,185.82
../dataset/Meca_insertion/Meca_2th_hand2/front/zed_41182735_right_1747200995.268.jpg,1747200995.268,0.0027000904083251953,1747200995.304,20.9,34.18,-18.64,25.04,69.37,-44.51,185.82
../dataset/Meca_insertion/Meca_2th_hand2/top/zed_49045152_left_1747200995.304.jpg,1747200995.304,0.033299922943115234,1747200995.304,20.9,34.18,-18.64,25.04,69.37,-44.51,185.82
../dataset/Meca_insertion/Meca_2th_hand2/top/zed_49045152_right_1747200995.304.jpg,1747200995.304,0.033299922943115234,1747200995.304,20.9,34.18,-18.64,25.04,69.37,-44.51,185.82
../dataset/Meca_insertion/Meca_2th_hand2/left/zed_44377151_left_1747200995.310.jpg,1747200995.31,0.039299964904785156,1747200995.304,20.9,34.18,-18.64,25.04,69.37,-44.51,185.82
../dataset/Meca_insertion/Meca_2th_hand2/left/zed_44377151_right_1747200995.310.jpg,1747200995.31,0.039299964904785156,1747200995.304,20.9,34.18,-18.64,25.04,69.37,-44.51,185.82
../dataset/Meca_insertion/Meca_2th_hand2/right/zed_49429257_left_1747200995.315.jpg,1747200995.315,0.044300079345703125,1747200995.304,20.9,34.18,-18.64,25.04,69.37,-44.51,185.82
../dataset/Meca_insertion/Meca_2th_hand2/right/zed_49429257_right_1747200995.315.jpg,1747200995.315,0.044300079345703125,1747200995.304,20.9,34.18,-18.64,25.04,69.37,-44.51,185.82
../dataset/Meca_insertion/Meca_2th_hand2/right/zed_49429257_right_1747200995.546.jpg,1747200995.546,0.0012998580932617188,1747200995.578,21.03,34.34,-18.04,25.2,68.63,-44.76,185.97
../dataset/Meca_insertion/Meca_2th_hand2/right/zed_49429257_left_1747200995.546.jpg,1747200995.546,0.0012998580932617188,1747200995.578,21.03,34.34,-18.04,25.2,68.63,-44.76,185.97
../dataset/Meca_insertion/Meca_2th_hand2/front/zed_41182735_right_1747200995.661.jpg,1747200995.661,0.016700029373168945,1747200995.711,21.1,34.42,-17.74,25.28,68.27,-44.89,186.04
../dataset/Meca_insertion/Meca_2th_hand2/front/zed_41182735_left_1747200995.661.jpg,1747200995.661,0.016700029373168945,1747200995.711,21.1,34.42,-17.74,25.28,68.27,-44.89,186.04
../dataset/Meca_insertion/Meca_2th_hand2/left/zed_44377151_right_1747200995.679.jpg,1747200995.679,0.0012998580932617188,1747200995.711,21.1,34.42,-17.74,25.28,68.27,-44.89,186.04
../dataset/Meca_insertion/Meca_2th_hand2/left/zed_44377151_left_1747200995.679.jpg,1747200995.679,0.0012998580932617188,1747200995.711,21.1,34.42,-17.74,25.28,68.27,-44.89,186.04
../dataset/Meca_insertion/Meca_2th_hand2/right/zed_49429257_right_1747200995.887.jpg,1747200995.887,0.005300045013427734,1747200995.915,21.16,34.49,-17.44,25.36,67.9,-45.01,186.1
../dataset/Meca_insertion/Meca_2th_hand2/right/zed_49429257_left_1747200995.887.jpg,1747200995.887,0.005300045013427734,1747200995.915,21.16,34.49,-17.44,25.36,67.9,-45.01,186.1
../dataset/Meca_insertion/Meca_2th_hand2/top/zed_49045152_right_1747200996.285.jpg,1747200996.285,0.033699989318847656,1747200996.352,21.3,34.66,-16.81,25.53,67.13,-45.28,186.21
../dataset/Meca_insertion/Meca_2th_hand2/top/zed_49045152_left_1747200996.285.jpg,1747200996.285,0.033699989318847656,1747200996.352,21.3,34.66,-16.81,25.53,67.13,-45.28,186.21
../dataset/Meca_insertion/Meca_2th_hand2/right/zed_49429257_left_1747200996.325.jpg,1747200996.325,0.0062999725341796875,1747200996.352,21.3,34.66,-16.81,25.53,67.13,-45.28,186.21
../dataset/Meca_insertion/Meca_2th_hand2/right/zed_49429257_right_1747200996.325.jpg,1747200996.325,0.0062999725341796875,1747200996.352,21.3,34.66,-16.81,25.53,67.13,-45.28,186.21
../dataset/Meca_insertion/Meca_2th_hand2/left/zed_44377151_left_1747200996.338.jpg,1747200996.338,0.019299983978271484,1747200996.352,21.3,34.66,-16.81,25.53,67.13,-45.28,186.21
../dataset/Meca_insertion/Meca_2th_hand2/left/zed_44377151_right_1747200996.338.jpg,1747200996.338,0.019299983978271484,1747200996.352,21.3,34.66,-16.81,25.53,67.13,-45.28,186.21
../dataset/Meca_insertion/Meca_2th_hand2/front/zed_41182735_left_1747200996.344.jpg,1747200996.344,0.025300025939941406,1747200996.352,21.3,34.66,-16.81,25.53,67.13,-45.28,186.21
../dataset/Meca_insertion/Meca_2th_hand2/front/zed_41182735_right_1747200996.344.jpg,1747200996.344,0.025300025939941406,1747200996.352,21.3,34.66,-16.81,25.53,67.13,-45.28,186.21
../dataset/Meca_insertion/Meca_2th_hand2/front/zed_41182735_right_1747200996.607.jpg,1747200996.607,0.03169989585876465,1747200996.672,21.44,34.83,-16.15,25.71,66.33,-45.55,186.3
../dataset/Meca_insertion/Meca_2th_hand2/front/zed_41182735_left_1747200996.607.jpg,1747200996.607,0.03169989585876465,1747200996.672,21.44,34.83,-16.15,25.71,66.33,-45.55,186.3
../dataset/Meca_insertion/Meca_2th_hand2/top/zed_49045152_left_1747200996.659.jpg,1747200996.659,0.020299911499023438,1747200996.672,21.44,34.83,-16.15,25.71,66.33,-45.55,186.3
../dataset/Meca_insertion/Meca_2th_hand2/top/zed_49045152_right_1747200996.659.jpg,1747200996.659,0.020299911499023438,1747200996.672,21.44,34.83,-16.15,25.71,66.33,-45.55,186.3
../dataset/Meca_insertion/Meca_2th_hand2/right/zed_49429257_left_1747200996.664.jpg,1747200996.664,0.025300025939941406,1747200996.672,21.44,34.83,-16.15,25.71,66.33,-45.55,186.3
../dataset/Meca_insertion/Meca_2th_hand2/right/zed_49429257_right_1747200996.664.jpg,1747200996.664,0.025300025939941406,1747200996.672,21.44,34.83,-16.15,25.71,66.33,-45.55,186.3
../dataset/Meca_insertion/Meca_2th_hand2/left/zed_44377151_left_1747200996.677.jpg,1747200996.677,0.0383000373840332,1747200996.672,21.44,34.83,-16.15,25.71,66.33,-45.55,186.3
../dataset/Meca_insertion/Meca_2th_hand2/left/zed_44377151_right_1747200996.677.jpg,1747200996.677,0.0383000373840332,1747200996.672,21.44,34.83,-16.15,25.71,66.33,-45.55,186.3
../dataset/Meca_insertion/Meca_2th_hand2/front/zed_41182735_right_1747200996.888.jpg,1747200996.888,0.04429984092712402,1747200996.877,21.55,34.96,-15.64,25.85,65.7,-45.77,186.35
../dataset/Meca_insertion/Meca_2th_hand2/front/zed_41182735_left_1747200996.888.jpg,1747200996.888,0.04429984092712402,1747200996.877,21.55,34.96,-15.64,25.85,65.7,-45.77,186.35
../dataset/Meca_insertion/Meca_2th_hand2/left/zed_44377151_right_1747200996.942.jpg,1747200996.942,0.010700225830078125,1747200996.986,21.56,34.97,-15.61,25.85,65.67,-45.78,186.36
../dataset/Meca_insertion/Meca_2th_hand2/left/zed_44377151_left_1747200996.942.jpg,1747200996.942,0.010700225830078125,1747200996.986,21.56,34.97,-15.61,25.85,65.67,-45.78,186.36
../dataset/Meca_insertion/Meca_2th_hand2/right/zed_49429257_left_1747200996.986.jpg,1747200996.986,0.033299922943115234,1747200996.986,21.56,34.97,-15.61,25.85,65.67,-45.78,186.36
../dataset/Meca_insertion/Meca_2th_hand2/right/zed_49429257_right_1747200996.986.jpg,1747200996.986,0.033299922943115234,1747200996.986,21.56,34.97,-15.61,25.85,65.67,-45.78,186.36
../dataset/Meca_insertion/Meca_2th_hand2/right/zed_49429257_left_1747200997.572.jpg,1747200997.572,0.04270005226135254,1747200997.648,21.82,35.27,-14.44,26.17,64.24,-46.27,186.43
../dataset/Meca_insertion/Meca_2th_hand2/right/zed_49429257_right_1747200997.572.jpg,1747200997.572,0.04270005226135254,1747200997.648,21.82,35.27,-14.44,26.17,64.24,-46.27,186.43
../dataset/Meca_insertion/Meca_2th_hand2/top/zed_49045152_right_1747200997.637.jpg,1747200997.637,0.022300004959106445,1747200997.648,21.82,35.27,-14.44,26.17,64.24,-46.27,186.43
../dataset/Meca_insertion/Meca_2th_hand2/top/zed_49045152_left_1747200997.637.jpg,1747200997.637,0.022300004959106445,1747200997.648,21.82,35.27,-14.44,26.17,64.24,-46.27,186.43
../dataset/Meca_insertion/Meca_2th_hand2/left/zed_44377151_left_1747200997.661.jpg,1747200997.661,0.04629993438720703,1747200997.648,21.82,35.27,-14.44,26.17,64.24,-46.27,186.43
../dataset/Meca_insertion/Meca_2th_hand2/left/zed_44377151_right_1747200997.661.jpg,1747200997.661,0.04629993438720703,1747200997.648,21.82,35.27,-14.44,26.17,64.24,-46.27,186.43
../dataset/Meca_insertion/Meca_2th_hand2/right/zed_49429257_left_1747200997.966.jpg,1747200997.966,0.03469991683959961,1747200998.034,21.97,35.45,-13.75,26.35,63.4,-46.56,186.43
../dataset/Meca_insertion/Meca_2th_hand2/right/zed_49429257_right_1747200997.966.jpg,1747200997.966,0.03469991683959961,1747200998.034,21.97,35.45,-13.75,26.35,63.4,-46.56,186.43
../dataset/Meca_insertion/Meca_2th_hand2/top/zed_49045152_left_1747200998.012.jpg,1747200998.012,0.011300086975097656,1747200998.034,21.97,35.45,-13.75,26.35,63.4,-46.56,186.43
../dataset/Meca_insertion/Meca_2th_hand2/top/zed_49045152_right_1747200998.012.jpg,1747200998.012,0.011300086975097656,1747200998.034,21.97,35.45,-13.75,26.35,63.4,-46.56,186.43
../dataset/Meca_insertion/Meca_2th_hand2/right/zed_49429257_right_1747200998.267.jpg,1747200998.267,0.04070019721984863,1747200998.341,22.1,35.61,-13.15,26.52,62.67,-46.81,186.42
../dataset/Meca_insertion/Meca_2th_hand2/right/zed_49429257_left_1747200998.267.jpg,1747200998.267,0.04070019721984863,1747200998.341,22.1,35.61,-13.15,26.52,62.67,-46.81,186.42
../dataset/Meca_insertion/Meca_2th_hand2/left/zed_44377151_left_1747200998.318.jpg,1747200998.318,0.010299921035766602,1747200998.341,22.1,35.61,-13.15,26.52,62.67,-46.81,186.42
../dataset/Meca_insertion/Meca_2th_hand2/left/zed_44377151_right_1747200998.318.jpg,1747200998.318,0.010299921035766602,1747200998.341,22.1,35.61,-13.15,26.52,62.67,-46.81,186.42
../dataset/Meca_insertion/Meca_2th_hand2/front/zed_41182735_left_1747200998.508.jpg,1747200998.508,0.016700267791748047,1747200998.558,22.21,35.75,-12.61,26.66,62.01,-47.03,186.39
../dataset/Meca_insertion/Meca_2th_hand2/front/zed_41182735_right_1747200998.508.jpg,1747200998.508,0.016700267791748047,1747200998.558,22.21,35.75,-12.61,26.66,62.01,-47.03,186.39
../dataset/Meca_insertion/Meca_2th_hand2/left/zed_44377151_right_1747200998.624.jpg,1747200998.624,0.011699914932250977,1747200998.669,22.25,35.8,-12.43,26.71,61.79,-47.11,186.37
../dataset/Meca_insertion/Meca_2th_hand2/left/zed_44377151_left_1747200998.624.jpg,1747200998.624,0.011699914932250977,1747200998.669,22.25,35.8,-12.43,26.71,61.79,-47.11,186.37
../dataset/Meca_insertion/Meca_2th_hand2/front/zed_41182735_right_1747200998.835.jpg,1747200998.835,0.0046999454498291016,1747200998.873,22.32,35.88,-12.1,26.8,61.38,-47.25,186.34
../dataset/Meca_insertion/Meca_2th_hand2/front/zed_41182735_left_1747200998.835.jpg,1747200998.835,0.0046999454498291016,1747200998.873,22.32,35.88,-12.1,26.8,61.38,-47.25,186.34
../dataset/Meca_insertion/Meca_2th_hand2/left/zed_44377151_right_1747200998.946.jpg,1747200998.946,0.033699989318847656,1747200999.013,22.39,35.96,-11.8,26.88,61.02,-47.37,186.31
../dataset/Meca_insertion/Meca_2th_hand2/left/zed_44377151_left_1747200998.946.jpg,1747200998.946,0.033699989318847656,1747200999.013,22.39,35.96,-11.8,26.88,61.02,-47.37,186.31
../dataset/Meca_insertion/Meca_2th_hand2/right/zed_49429257_right_1747200998.957.jpg,1747200998.957,0.022700071334838867,1747200999.013,22.39,35.96,-11.8,26.88,61.02,-47.37,186.31
../dataset/Meca_insertion/Meca_2th_hand2/right/zed_49429257_left_1747200998.957.jpg,1747200998.957,0.022700071334838867,1747200999.013,22.39,35.96,-11.8,26.88,61.02,-47.37,186.31
../dataset/Meca_insertion/Meca_2th_hand2/top/zed_49045152_right_1747200998.986.jpg,1747200998.986,0.0062999725341796875,1747200999.013,22.39,35.96,-11.8,26.88,61.02,-47.37,186.31
../dataset/Meca_insertion/Meca_2th_hand2/top/zed_49045152_left_1747200998.986.jpg,1747200998.986,0.0062999725341796875,1747200999.013,22.39,35.96,-11.8,26.88,61.02,-47.37,186.31
../dataset/Meca_insertion/Meca_3th_insertion_250514/front/zed_41182735_right_1747201050.473.jpg,1747201050.473,0.027699947357177734,1747201050.534,23.47,37.47,-6.84,28.19,54.98,-49.43,185.12
../dataset/Meca_insertion/Meca_3th_insertion_250514/front/zed_41182735_left_1747201050.473.jpg,1747201050.473,0.027699947357177734,1747201050.534,23.47,37.47,-6.84,28.19,54.98,-49.43,185.12
../dataset/Meca_insertion/Meca_3th_insertion_250514/left/zed_44377151_right_1747201050.492.jpg,1747201050.492,0.008699893951416016,1747201050.534,23.47,37.47,-6.84,28.19,54.98,-49.43,185.12
../dataset/Meca_insertion/Meca_3th_insertion_250514/left/zed_44377151_left_1747201050.492.jpg,1747201050.492,0.008699893951416016,1747201050.534,23.47,37.47,-6.84,28.19,54.98,-49.43,185.12
../dataset/Meca_insertion/Meca_3th_insertion_250514/right/zed_49429257_right_1747201050.834.jpg,1747201050.834,0.0037000179290771484,1747201050.871,23.34,37.32,-7.41,28.04,55.68,-49.19,185.33
../dataset/Meca_insertion/Meca_3th_insertion_250514/right/zed_49429257_left_1747201050.834.jpg,1747201050.834,0.0037000179290771484,1747201050.871,23.34,37.32,-7.41,28.04,55.68,-49.19,185.33
../dataset/Meca_insertion/Meca_3th_insertion_250514/front/zed_41182735_right_1747201050.893.jpg,1747201050.893,0.04470014572143555,1747201050.971,23.28,37.24,-7.68,27.96,56.0,-49.08,185.43
../dataset/Meca_insertion/Meca_3th_insertion_250514/front/zed_41182735_left_1747201050.893.jpg,1747201050.893,0.04470014572143555,1747201050.971,23.28,37.24,-7.68,27.96,56.0,-49.08,185.43
../dataset/Meca_insertion/Meca_3th_insertion_250514/left/zed_44377151_left_1747201050.916.jpg,1747201050.916,0.021700143814086914,1747201050.971,23.28,37.24,-7.68,27.96,56.0,-49.08,185.43
../dataset/Meca_insertion/Meca_3th_insertion_250514/left/zed_44377151_right_1747201050.916.jpg,1747201050.916,0.021700143814086914,1747201050.971,23.28,37.24,-7.68,27.96,56.0,-49.08,185.43
../dataset/Meca_insertion/Meca_3th_insertion_250514/top/zed_49045152_right_1747201050.935.jpg,1747201050.935,0.0027000904083251953,1747201050.971,23.28,37.24,-7.68,27.96,56.0,-49.08,185.43
../dataset/Meca_insertion/Meca_3th_insertion_250514/top/zed_49045152_left_1747201050.935.jpg,1747201050.935,0.0027000904083251953,1747201050.971,23.28,37.24,-7.68,27.96,56.0,-49.08,185.43
../dataset/Meca_insertion/Meca_3th_insertion_250514/right/zed_49429257_left_1747201051.200.jpg,1747201051.2,0.00970005989074707,1747201051.243,23.22,37.16,-7.98,27.88,56.37,-48.96,185.53
../dataset/Meca_insertion/Meca_3th_insertion_250514/right/zed_49429257_right_1747201051.200.jpg,1747201051.2,0.00970005989074707,1747201051.243,23.22,37.16,-7.98,27.88,56.37,-48.96,185.53
../dataset/Meca_insertion/Meca_3th_insertion_250514/left/zed_44377151_right_1747201051.237.jpg,1747201051.237,0.027299880981445312,1747201051.243,23.22,37.16,-7.98,27.88,56.37,-48.96,185.53
../dataset/Meca_insertion/Meca_3th_insertion_250514/left/zed_44377151_left_1747201051.237.jpg,1747201051.237,0.027299880981445312,1747201051.243,23.22,37.16,-7.98,27.88,56.37,-48.96,185.53
../dataset/Meca_insertion/Meca_3th_insertion_250514/top/zed_49045152_left_1747201051.259.jpg,1747201051.259,0.04929995536804199,1747201051.243,23.22,37.16,-7.98,27.88,56.37,-48.96,185.53
../dataset/Meca_insertion/Meca_3th_insertion_250514/top/zed_49045152_right_1747201051.259.jpg,1747201051.259,0.04929995536804199,1747201051.243,23.22,37.16,-7.98,27.88,56.37,-48.96,185.53
../dataset/Meca_insertion/Meca_3th_insertion_250514/front/zed_41182735_right_1747201051.467.jpg,1747201051.467,0.0023000240325927734,1747201051.498,23.09,37.0,-8.55,27.73,57.06,-48.72,185.7
../dataset/Meca_insertion/Meca_3th_insertion_250514/front/zed_41182735_left_1747201051.467.jpg,1747201051.467,0.0023000240325927734,1747201051.498,23.09,37.0,-8.55,27.73,57.06,-48.72,185.7
../dataset/Meca_insertion/Meca_3th_insertion_250514/right/zed_49429257_left_1747201051.812.jpg,1747201051.812,0.04929995536804199,1747201051.796,22.96,36.84,-9.15,27.57,57.8,-48.47,185.87
../dataset/Meca_insertion/Meca_3th_insertion_250514/right/zed_49429257_right_1747201051.812.jpg,1747201051.812,0.04929995536804199,1747201051.796,22.96,36.84,-9.15,27.57,57.8,-48.47,185.87
../dataset/Meca_insertion/Meca_3th_insertion_250514/front/zed_41182735_left_1747201051.908.jpg,1747201051.908,0.0457000732421875,1747201051.987,22.89,36.74,-9.51,27.47,58.23,-48.32,185.96
../dataset/Meca_insertion/Meca_3th_insertion_250514/front/zed_41182735_right_1747201051.908.jpg,1747201051.908,0.0457000732421875,1747201051.987,22.89,36.74,-9.51,27.47,58.23,-48.32,185.96
../dataset/Meca_insertion/Meca_3th_insertion_250514/top/zed_49045152_left_1747201052.180.jpg,1747201052.18,0.010699987411499023,1747201052.224,22.84,36.68,-9.72,27.42,58.49,-48.23,186.01
../dataset/Meca_insertion/Meca_3th_insertion_250514/top/zed_49045152_right_1747201052.180.jpg,1747201052.18,0.010699987411499023,1747201052.224,22.84,36.68,-9.72,27.42,58.49,-48.23,186.01
../dataset/Meca_insertion/Meca_3th_insertion_250514/front/zed_41182735_right_1747201052.216.jpg,1747201052.216,0.025300025939941406,1747201052.224,22.84,36.68,-9.72,27.42,58.49,-48.23,186.01
../dataset/Meca_insertion/Meca_3th_insertion_250514/front/zed_41182735_left_1747201052.216.jpg,1747201052.216,0.025300025939941406,1747201052.224,22.84,36.68,-9.72,27.42,58.49,-48.23,186.01
../dataset/Meca_insertion/Meca_3th_insertion_250514/right/zed_49429257_right_1747201052.236.jpg,1747201052.236,0.04530000686645508,1747201052.224,22.84,36.68,-9.72,27.42,58.49,-48.23,186.01
../dataset/Meca_insertion/Meca_3th_insertion_250514/right/zed_49429257_left_1747201052.236.jpg,1747201052.236,0.04530000686645508,1747201052.224,22.84,36.68,-9.72,27.42,58.49,-48.23,186.01
../dataset/Meca_insertion/Meca_3th_insertion_250514/top/zed_49045152_left_1747201052.472.jpg,1747201052.472,0.035700082778930664,1747201052.541,22.7,36.5,-10.38,27.24,59.3,-47.95,186.16
../dataset/Meca_insertion/Meca_3th_insertion_250514/top/zed_49045152_right_1747201052.472.jpg,1747201052.472,0.035700082778930664,1747201052.541,22.7,36.5,-10.38,27.24,59.3,-47.95,186.16
../dataset/Meca_insertion/Meca_3th_insertion_250514/right/zed_49429257_left_1747201052.500.jpg,1747201052.5,0.0076999664306640625,1747201052.541,22.7,36.5,-10.38,27.24,59.3,-47.95,186.16
../dataset/Meca_insertion/Meca_3th_insertion_250514/right/zed_49429257_right_1747201052.500.jpg,1747201052.5,0.0076999664306640625,1747201052.541,22.7,36.5,-10.38,27.24,59.3,-47.95,186.16
../dataset/Meca_insertion/Meca_3th_insertion_250514/front/zed_41182735_left_1747201052.550.jpg,1747201052.55,0.04229998588562012,1747201052.541,22.7,36.5,-10.38,27.24,59.3,-47.95,186.16
../dataset/Meca_insertion/Meca_3th_insertion_250514/front/zed_41182735_right_1747201052.550.jpg,1747201052.55,0.04229998588562012,1747201052.541,22.7,36.5,-10.38,27.24,59.3,-47.95,186.16
../dataset/Meca_insertion/Meca_3th_insertion_250514/left/zed_44377151_right_1747201052.863.jpg,1747201052.863,0.005700111389160156,1747201052.902,22.57,36.33,-10.98,27.08,60.03,-47.7,186.26
../dataset/Meca_insertion/Meca_3th_insertion_250514/left/zed_44377151_left_1747201052.863.jpg,1747201052.863,0.005700111389160156,1747201052.902,22.57,36.33,-10.98,27.08,60.03,-47.7,186.26
../dataset/Meca_insertion/Meca_3th_insertion_250514/front/zed_41182735_right_1747201052.877.jpg,1747201052.877,0.008300065994262695,1747201052.902,22.57,36.33,-10.98,27.08,60.03,-47.7,186.26
../dataset/Meca_insertion/Meca_3th_insertion_250514/front/zed_41182735_left_1747201052.877.jpg,1747201052.877,0.008300065994262695,1747201052.902,22.57,36.33,-10.98,27.08,60.03,-47.7,186.26
../dataset/Meca_insertion/Meca_3th_insertion_250514/right/zed_49429257_right_1747201052.915.jpg,1747201052.915,0.04629993438720703,1747201052.902,22.57,36.33,-10.98,27.08,60.03,-47.7,186.26
../dataset/Meca_insertion/Meca_3th_insertion_250514/right/zed_49429257_left_1747201052.915.jpg,1747201052.915,0.04629993438720703,1747201052.902,22.57,36.33,-10.98,27.08,60.03,-47.7,186.26
../dataset/Meca_insertion/Meca_3th_insertion_250514/top/zed_49045152_right_1747201053.073.jpg,1747201053.073,0.0027000904083251953,1747201053.109,22.46,36.2,-11.46,26.95,60.61,-47.5,186.33
../dataset/Meca_insertion/Meca_3th_insertion_250514/top/zed_49045152_left_1747201053.073.jpg,1747201053.073,0.0027000904083251953,1747201053.109,22.46,36.2,-11.46,26.95,60.61,-47.5,186.33
../dataset/Meca_insertion/Meca_3th_insertion_250514/right/zed_49429257_left_1747201053.183.jpg,1747201053.183,0.038700103759765625,1747201053.255,22.41,36.13,-11.7,26.89,60.91,-47.4,186.37
../dataset/Meca_insertion/Meca_3th_insertion_250514/right/zed_49429257_right_1747201053.183.jpg,1747201053.183,0.038700103759765625,1747201053.255,22.41,36.13,-11.7,26.89,60.91,-47.4,186.37
../dataset/Meca_insertion/Meca_3th_insertion_250514/front/zed_41182735_right_1747201053.222.jpg,1747201053.222,0.00029969215393066406,1747201053.255,22.41,36.13,-11.7,26.89,60.91,-47.4,186.37
../dataset/Meca_insertion/Meca_3th_insertion_250514/front/zed_41182735_left_1747201053.222.jpg,1747201053.222,0.00029969215393066406,1747201053.255,22.41,36.13,-11.7,26.89,60.91,-47.4,186.37
../dataset/Meca_insertion/Meca_3th_insertion_250514/top/zed_49045152_left_1747201053.386.jpg,1747201053.386,0.038700103759765625,1747201053.458,22.32,36.03,-12.09,26.78,61.38,-47.24,186.41
../dataset/Meca_insertion/Meca_3th_insertion_250514/top/zed_49045152_right_1747201053.386.jpg,1747201053.386,0.038700103759765625,1747201053.458,22.32,36.03,-12.09,26.78,61.38,-47.24,186.41
../dataset/Meca_insertion/Meca_3th_insertion_250514/right/zed_49429257_left_1747201053.436.jpg,1747201053.436,0.011300086975097656,1747201053.458,22.32,36.03,-12.09,26.78,61.38,-47.24,186.41
../dataset/Meca_insertion/Meca_3th_insertion_250514/right/zed_49429257_right_1747201053.436.jpg,1747201053.436,0.011300086975097656,1747201053.458,22.32,36.03,-12.09,26.78,61.38,-47.24,186.41
../dataset/Meca_insertion/Meca_3th_insertion_250514/left/zed_44377151_left_1747201053.465.jpg,1747201053.465,0.04029989242553711,1747201053.458,22.32,36.03,-12.09,26.78,61.38,-47.24,186.41
../dataset/Meca_insertion/Meca_3th_insertion_250514/left/zed_44377151_right_1747201053.465.jpg,1747201053.465,0.04029989242553711,1747201053.458,22.32,36.03,-12.09,26.78,61.38,-47.24,186.41
../dataset/Meca_insertion/Meca_3th_insertion_250514/front/zed_41182735_right_1747201053.522.jpg,1747201053.522,0.0046999454498291016,1747201053.56,22.27,35.96,-12.33,26.72,61.67,-47.14,186.43
../dataset/Meca_insertion/Meca_3th_insertion_250514/front/zed_41182735_left_1747201053.522.jpg,1747201053.522,0.0046999454498291016,1747201053.56,22.27,35.96,-12.33,26.72,61.67,-47.14,186.43
../dataset/Meca_insertion/Meca_3th_insertion_250514/top/zed_49045152_left_1747201053.725.jpg,1747201053.725,0.027700185775756836,1747201053.786,22.21,35.88,-12.63,26.64,62.04,-47.02,186.45
../dataset/Meca_insertion/Meca_3th_insertion_250514/top/zed_49045152_right_1747201053.725.jpg,1747201053.725,0.027700185775756836,1747201053.786,22.21,35.88,-12.63,26.64,62.04,-47.02,186.45
../dataset/Meca_insertion/Meca_3th_insertion_250514/left/zed_44377151_left_1747201053.746.jpg,1747201053.746,0.006700038909912109,1747201053.786,22.21,35.88,-12.63,26.64,62.04,-47.02,186.45
../dataset/Meca_insertion/Meca_3th_insertion_250514/left/zed_44377151_right_1747201053.746.jpg,1747201053.746,0.006700038909912109,1747201053.786,22.21,35.88,-12.63,26.64,62.04,-47.02,186.45
../dataset/Meca_insertion/Meca_3th_insertion_250514/front/zed_41182735_left_1747201053.787.jpg,1747201053.787,0.03429985046386719,1747201053.786,22.21,35.88,-12.63,26.64,62.04,-47.02,186.45
../dataset/Meca_insertion/Meca_3th_insertion_250514/front/zed_41182735_right_1747201053.787.jpg,1747201053.787,0.03429985046386719,1747201053.786,22.21,35.88,-12.63,26.64,62.04,-47.02,186.45
../dataset/Meca_insertion/Meca_3th_insertion_250514/right/zed_49429257_left_1747201053.839.jpg,1747201053.839,0.015700101852416992,1747201053.888,22.15,35.8,-12.9,26.57,62.37,-46.9,186.47
../dataset/Meca_insertion/Meca_3th_insertion_250514/right/zed_49429257_right_1747201053.839.jpg,1747201053.839,0.015700101852416992,1747201053.888,22.15,35.8,-12.9,26.57,62.37,-46.9,186.47
../dataset/Meca_insertion/Meca_3th_insertion_250514/right/zed_49429257_left_1747201054.170.jpg,1747201054.17,0.005700111389160156,1747201054.209,22.04,35.66,-13.41,26.43,62.99,-46.69,186.49
../dataset/Meca_insertion/Meca_3th_insertion_250514/right/zed_49429257_right_1747201054.170.jpg,1747201054.17,0.005700111389160156,1747201054.209,22.04,35.66,-13.41,26.43,62.99,-46.69,186.49
../dataset/Meca_insertion/Meca_3th_insertion_250514/front/zed_41182735_left_1747201054.407.jpg,1747201054.407,0.006700038909912109,1747201054.447,21.95,35.55,-13.83,26.32,63.5,-46.52,186.5
../dataset/Meca_insertion/Meca_3th_insertion_250514/front/zed_41182735_right_1747201054.407.jpg,1747201054.407,0.006700038909912109,1747201054.447,21.95,35.55,-13.83,26.32,63.5,-46.52,186.5
../dataset/Meca_insertion/Meca_3th_insertion_250514/left/zed_44377151_left_1747201054.447.jpg,1747201054.447,0.033299922943115234,1747201054.447,21.95,35.55,-13.83,26.32,63.5,-46.52,186.5
../dataset/Meca_insertion/Meca_3th_insertion_250514/left/zed_44377151_right_1747201054.447.jpg,1747201054.447,0.033299922943115234,1747201054.447,21.95,35.55,-13.83,26.32,63.5,-46.52,186.5
../dataset/Meca_insertion/Meca_3th_insertion_250514/top/zed_49045152_left_1747201054.683.jpg,1747201054.683,0.0023000240325927734,1747201054.714,21.84,35.41,-14.34,26.18,64.13,-46.3,186.49
../dataset/Meca_insertion/Meca_3th_insertion_250514/top/zed_49045152_right_1747201054.683.jpg,1747201054.683,0.0023000240325927734,1747201054.714,21.84,35.41,-14.34,26.18,64.13,-46.3,186.49
../dataset/Meca_insertion/Meca_3th_insertion_250514/left/zed_44377151_right_1747201054.727.jpg,1747201054.727,0.04629993438720703,1747201054.714,21.84,35.41,-14.34,26.18,64.13,-46.3,186.49
../dataset/Meca_insertion/Meca_3th_insertion_250514/left/zed_44377151_left_1747201054.727.jpg,1747201054.727,0.04629993438720703,1747201054.714,21.84,35.41,-14.34,26.18,64.13,-46.3,186.49
../dataset/Meca_insertion/Meca_3th_insertion_250514/right/zed_49429257_left_1747201054.771.jpg,1747201054.771,0.035700082778930664,1747201054.84,21.8,35.37,-14.49,26.14,64.31,-46.24,186.49
../dataset/Meca_insertion/Meca_3th_insertion_250514/right/zed_49429257_right_1747201054.771.jpg,1747201054.771,0.035700082778930664,1747201054.84,21.8,35.37,-14.49,26.14,64.31,-46.24,186.49
../dataset/Meca_insertion/Meca_3th_insertion_250514/front/zed_41182735_left_1747201054.840.jpg,1747201054.84,0.033299922943115234,1747201054.84,21.8,35.37,-14.49,26.14,64.31,-46.24,186.49
../dataset/Meca_insertion/Meca_3th_insertion_250514/front/zed_41182735_right_1747201054.840.jpg,1747201054.84,0.033299922943115234,1747201054.84,21.8,35.37,-14.49,26.14,64.31,-46.24,186.49
../dataset/Meca_insertion/Meca_3th_insertion_250514/right/zed_49429257_left_1747201055.048.jpg,1747201055.048,0.00970005989074707,1747201055.091,21.69,35.22,-15.0,26.01,64.93,-46.03,186.46
../dataset/Meca_insertion/Meca_3th_insertion_250514/right/zed_49429257_right_1747201055.048.jpg,1747201055.048,0.00970005989074707,1747201055.091,21.69,35.22,-15.0,26.01,64.93,-46.03,186.46
../dataset/Meca_insertion/Meca_3th_insertion_250514/front/zed_41182735_right_1747201055.107.jpg,1747201055.107,0.04929995536804199,1747201055.091,21.69,35.22,-15.0,26.01,64.93,-46.03,186.46
../dataset/Meca_insertion/Meca_3th_insertion_250514/front/zed_41182735_left_1747201055.107.jpg,1747201055.107,0.04929995536804199,1747201055.091,21.69,35.22,-15.0,26.01,64.93,-46.03,186.46
../dataset/Meca_insertion/Meca_3th_insertion_250514/left/zed_44377151_right_1747201055.155.jpg,1747201055.155,0.019700050354003906,1747201055.208,21.63,35.14,-15.3,25.93,65.29,-45.9,186.44
../dataset/Meca_insertion/Meca_3th_insertion_250514/left/zed_44377151_left_1747201055.155.jpg,1747201055.155,0.019700050354003906,1747201055.208,21.63,35.14,-15.3,25.93,65.29,-45.9,186.44
../dataset/Meca_insertion/Meca_3th_insertion_250514/top/zed_49045152_left_1747201055.316.jpg,1747201055.316,0.033299922943115234,1747201055.316,21.59,35.09,-15.48,25.88,65.51,-45.83,186.43
../dataset/Meca_insertion/Meca_3th_insertion_250514/top/zed_49045152_right_1747201055.316.jpg,1747201055.316,0.033299922943115234,1747201055.316,21.59,35.09,-15.48,25.88,65.51,-45.83,186.43
../dataset/Meca_insertion/Meca_3th_insertion_250514/left/zed_44377151_left_1747201055.412.jpg,1747201055.412,0.005700111389160156,1747201055.451,21.58,35.08,-15.51,25.87,65.55,-45.82,186.42
../dataset/Meca_insertion/Meca_3th_insertion_250514/left/zed_44377151_right_1747201055.412.jpg,1747201055.412,0.005700111389160156,1747201055.451,21.58,35.08,-15.51,25.87,65.55,-45.82,186.42
../dataset/Meca_insertion/Meca_3th_insertion_250514/front/zed_41182735_left_1747201055.460.jpg,1747201055.46,0.04229998588562012,1747201055.451,21.58,35.08,-15.51,25.87,65.55,-45.82,186.42
../dataset/Meca_insertion/Meca_3th_insertion_250514/front/zed_41182735_right_1747201055.460.jpg,1747201055.46,0.04229998588562012,1747201055.451,21.58,35.08,-15.51,25.87,65.55,-45.82,186.42
../dataset/Meca_insertion/Meca_3th_insertion_250514/right/zed_49429257_right_1747201055.669.jpg,1747201055.669,0.042299747467041016,1747201055.66,21.45,34.92,-16.11,25.71,66.28,-45.56,186.36
../dataset/Meca_insertion/Meca_3th_insertion_250514/right/zed_49429257_left_1747201055.669.jpg,1747201055.669,0.042299747467041016,1747201055.66,21.45,34.92,-16.11,25.71,66.28,-45.56,186.36
../dataset/Meca_insertion/Meca_3th_insertion_250514/left/zed_44377151_left_1747201055.736.jpg,1747201055.736,0.0002999305725097656,1747201055.769,21.45,34.92,-16.11,25.71,66.28,-45.56,186.36
../dataset/Meca_insertion/Meca_3th_insertion_250514/left/zed_44377151_right_1747201055.736.jpg,1747201055.736,0.0002999305725097656,1747201055.769,21.45,34.92,-16.11,25.71,66.28,-45.56,186.36
../dataset/Meca_insertion/Meca_3th_insertion_250514/top/zed_49045152_right_1747201055.774.jpg,1747201055.774,0.0382997989654541,1747201055.769,21.45,34.92,-16.11,25.71,66.28,-45.56,186.36
../dataset/Meca_insertion/Meca_3th_insertion_250514/top/zed_49045152_left_1747201055.774.jpg,1747201055.774,0.0382997989654541,1747201055.769,21.45,34.92,-16.11,25.71,66.28,-45.56,186.36
../dataset/Meca_insertion/Meca_3th_insertion_250514/left/zed_44377151_right_1747201055.996.jpg,1747201055.996,0.0032999515533447266,1747201056.026,21.32,34.75,-16.71,25.55,67.01,-45.31,186.27
../dataset/Meca_insertion/Meca_3th_insertion_250514/left/zed_44377151_left_1747201055.996.jpg,1747201055.996,0.0032999515533447266,1747201056.026,21.32,34.75,-16.71,25.55,67.01,-45.31,186.27
../dataset/Meca_insertion/Meca_3th_insertion_250514/front/zed_41182735_left_1747201056.143.jpg,1747201056.143,0.0007002353668212891,1747201056.177,21.26,34.68,-16.98,25.48,67.34,-45.2,186.23
../dataset/Meca_insertion/Meca_3th_insertion_250514/front/zed_41182735_right_1747201056.143.jpg,1747201056.143,0.0007002353668212891,1747201056.177,21.26,34.68,-16.98,25.48,67.34,-45.2,186.23
../dataset/Meca_insertion/Meca_3th_insertion_250514/left/zed_44377151_right_1747201056.326.jpg,1747201056.326,0.033699989318847656,1747201056.393,21.19,34.59,-17.31,25.39,67.74,-45.06,186.17
../dataset/Meca_insertion/Meca_3th_insertion_250514/left/zed_44377151_left_1747201056.326.jpg,1747201056.326,0.033699989318847656,1747201056.393,21.19,34.59,-17.31,25.39,67.74,-45.06,186.17
../dataset/Meca_insertion/Meca_3th_insertion_250514/top/zed_49045152_right_1747201056.437.jpg,1747201056.437,0.04270005226135254,1747201056.513,21.12,34.5,-17.64,25.3,68.15,-44.93,186.1
../dataset/Meca_insertion/Meca_3th_insertion_250514/top/zed_49045152_left_1747201056.437.jpg,1747201056.437,0.04270005226135254,1747201056.513,21.12,34.5,-17.64,25.3,68.15,-44.93,186.1
../dataset/Meca_insertion/Meca_3th_insertion_250514/front/zed_41182735_right_1747201056.442.jpg,1747201056.442,0.03770017623901367,1747201056.513,21.12,34.5,-17.64,25.3,68.15,-44.93,186.1
../dataset/Meca_insertion/Meca_3th_insertion_250514/front/zed_41182735_left_1747201056.442.jpg,1747201056.442,0.03770017623901367,1747201056.513,21.12,34.5,-17.64,25.3,68.15,-44.93,186.1
../dataset/Meca_insertion/Meca_3th_insertion_250514/front/zed_41182735_left_1747201056.682.jpg,1747201056.682,0.022700071334838867,1747201056.738,21.06,34.42,-17.91,25.23,68.48,-44.81,186.04
../dataset/Meca_insertion/Meca_3th_insertion_250514/front/zed_41182735_right_1747201056.682.jpg,1747201056.682,0.022700071334838867,1747201056.738,21.06,34.42,-17.91,25.23,68.48,-44.81,186.04
../dataset/Meca_insertion/Meca_3th_insertion_250514/right/zed_49429257_left_1747201056.748.jpg,1747201056.748,0.04329991340637207,1747201056.738,21.06,34.42,-17.91,25.23,68.48,-44.81,186.04
../dataset/Meca_insertion/Meca_3th_insertion_250514/right/zed_49429257_right_1747201056.748.jpg,1747201056.748,0.04329991340637207,1747201056.738,21.06,34.42,-17.91,25.23,68.48,-44.81,186.04
../dataset/Meca_insertion/Meca_3th_insertion_250514/top/zed_49045152_right_1747201056.789.jpg,1747201056.789,0.015700101852416992,1747201056.838,20.99,34.33,-18.24,25.14,68.88,-44.68,185.96
../dataset/Meca_insertion/Meca_3th_insertion_250514/top/zed_49045152_left_1747201056.789.jpg,1747201056.789,0.015700101852416992,1747201056.838,20.99,34.33,-18.24,25.14,68.88,-44.68,185.96
../dataset/Meca_insertion/Meca_3th_insertion_250514/left/zed_44377151_left_1747201057.009.jpg,1747201057.009,0.016700029373168945,1747201057.059,20.93,34.26,-18.51,25.07,69.21,-44.56,185.89
../dataset/Meca_insertion/Meca_3th_insertion_250514/left/zed_44377151_right_1747201057.009.jpg,1747201057.009,0.016700029373168945,1747201057.059,20.93,34.26,-18.51,25.07,69.21,-44.56,185.89
../dataset/Meca_insertion/Meca_3th_insertion_250514/front/zed_41182735_right_1747201057.030.jpg,1747201057.03,0.00429987907409668,1747201057.059,20.93,34.26,-18.51,25.07,69.21,-44.56,185.89
../dataset/Meca_insertion/Meca_3th_insertion_250514/front/zed_41182735_left_1747201057.030.jpg,1747201057.03,0.00429987907409668,1747201057.059,20.93,34.26,-18.51,25.07,69.21,-44.56,185.89
../dataset/Meca_insertion/Meca_3th_insertion_250514/right/zed_49429257_left_1747201057.068.jpg,1747201057.068,0.04229998588562012,1747201057.059,20.93,34.26,-18.51,25.07,69.21,-44.56,185.89
../dataset/Meca_insertion/Meca_3th_insertion_250514/right/zed_49429257_right_1747201057.068.jpg,1747201057.068,0.04229998588562012,1747201057.059,20.93,34.26,-18.51,25.07,69.21,-44.56,185.89
../dataset/Meca_insertion/Meca_3th_insertion_250514/top/zed_49045152_left_1747201057.135.jpg,1747201057.135,0.030699968338012695,1747201057.199,20.85,34.16,-18.87,24.97,69.65,-44.41,185.79
../dataset/Meca_insertion/Meca_3th_insertion_250514/top/zed_49045152_right_1747201057.135.jpg,1747201057.135,0.030699968338012695,1747201057.199,20.85,34.16,-18.87,24.97,69.65,-44.41,185.79
../dataset/Meca_insertion/Meca_3th_insertion_250514/left/zed_44377151_right_1747201057.285.jpg,1747201057.285,0.008300065994262695,1747201057.31,20.82,34.12,-19.02,24.93,69.83,-44.35,185.75
../dataset/Meca_insertion/Meca_3th_insertion_250514/left/zed_44377151_left_1747201057.285.jpg,1747201057.285,0.008300065994262695,1747201057.31,20.82,34.12,-19.02,24.93,69.83,-44.35,185.75
../dataset/Meca_insertion/Meca_3th_insertion_250514/top/zed_49045152_left_1747201057.407.jpg,1747201057.407,0.0006999969482421875,1747201057.441,20.79,34.08,-19.14,24.9,69.98,-44.3,185.71
../dataset/Meca_insertion/Meca_3th_insertion_250514/top/zed_49045152_right_1747201057.407.jpg,1747201057.407,0.0006999969482421875,1747201057.441,20.79,34.08,-19.14,24.9,69.98,-44.3,185.71
../dataset/Meca_insertion/Meca_3th_insertion_250514/right/zed_49429257_left_1747201057.443.jpg,1747201057.443,0.03530001640319824,1747201057.441,20.79,34.08,-19.14,24.9,69.98,-44.3,185.71
../dataset/Meca_insertion/Meca_3th_insertion_250514/right/zed_49429257_right_1747201057.443.jpg,1747201057.443,0.03530001640319824,1747201057.441,20.79,34.08,-19.14,24.9,69.98,-44.3,185.71
../dataset/Meca_insertion/Meca_3th_insertion_250514/left/zed_44377151_right_1747201057.598.jpg,1747201057.598,0.022700071334838867,1747201057.654,20.67,33.93,-19.71,24.75,70.67,-44.06,185.53
../dataset/Meca_insertion/Meca_3th_insertion_250514/left/zed_44377151_left_1747201057.598.jpg,1747201057.598,0.022700071334838867,1747201057.654,20.67,33.93,-19.71,24.75,70.67,-44.06,185.53
../dataset/Meca_insertion/Meca_3th_insertion_250514/right/zed_49429257_right_1747201057.751.jpg,1747201057.751,0.022700071334838867,1747201057.807,20.64,33.89,-19.83,24.71,70.82,-44.01,185.49
../dataset/Meca_insertion/Meca_3th_insertion_250514/right/zed_49429257_left_1747201057.751.jpg,1747201057.751,0.022700071334838867,1747201057.807,20.64,33.89,-19.83,24.71,70.82,-44.01,185.49
../dataset/Meca_insertion/Meca_3th_insertion_250514/top/zed_49045152_left_1747201057.793.jpg,1747201057.793,0.019299983978271484,1747201057.807,20.64,33.89,-19.83,24.71,70.82,-44.01,185.49
../dataset/Meca_insertion/Meca_3th_insertion_250514/top/zed_49045152_right_1747201057.793.jpg,1747201057.793,0.019299983978271484,1747201057.807,20.64,33.89,-19.83,24.71,70.82,-44.01,185.49
../dataset/Meca_insertion/Meca_3th_insertion_250514/front/zed_41182735_right_1747201057.812.jpg,1747201057.812,0.0383000373840332,1747201057.807,20.64,33.89,-19.83,24.71,70.82,-44.01,185.49
../dataset/Meca_insertion/Meca_3th_insertion_250514/front/zed_41182735_left_1747201057.812.jpg,1747201057.812,0.0383000373840332,1747201057.807,20.64,33.89,-19.83,24.71,70.82,-44.01,185.49
../dataset/Meca_insertion/Meca_3th_insertion_250514/left/zed_44377151_left_1747201057.843.jpg,1747201057.843,0.04070019721984863,1747201057.917,20.57,33.8,-20.16,24.63,71.22,-43.87,185.38
../dataset/Meca_insertion/Meca_3th_insertion_250514/left/zed_44377151_right_1747201057.843.jpg,1747201057.843,0.04070019721984863,1747201057.917,20.57,33.8,-20.16,24.63,71.22,-43.87,185.38
../dataset/Meca_insertion/Meca_3th_insertion_250514/right/zed_49429257_left_1747201058.072.jpg,1747201058.072,0.018700122833251953,1747201058.124,20.52,33.74,-20.37,24.57,71.48,-43.79,185.3
../dataset/Meca_insertion/Meca_3th_insertion_250514/right/zed_49429257_right_1747201058.072.jpg,1747201058.072,0.018700122833251953,1747201058.124,20.52,33.74,-20.37,24.57,71.48,-43.79,185.3
../dataset/Meca_insertion/Meca_3th_insertion_250514/front/zed_41182735_left_1747201058.110.jpg,1747201058.11,0.019299745559692383,1747201058.124,20.52,33.74,-20.37,24.57,71.48,-43.79,185.3
../dataset/Meca_insertion/Meca_3th_insertion_250514/front/zed_41182735_right_1747201058.110.jpg,1747201058.11,0.019299745559692383,1747201058.124,20.52,33.74,-20.37,24.57,71.48,-43.79,185.3
../dataset/Meca_insertion/Meca_3th_insertion_250514/left/zed_44377151_left_1747201058.124.jpg,1747201058.124,0.033299922943115234,1747201058.124,20.52,33.74,-20.37,24.57,71.48,-43.79,185.3
../dataset/Meca_insertion/Meca_3th_insertion_250514/left/zed_44377151_right_1747201058.124.jpg,1747201058.124,0.033299922943115234,1747201058.124,20.52,33.74,-20.37,24.57,71.48,-43.79,185.3
../dataset/Meca_insertion/Meca_3th_insertion_250514/right/zed_49429257_right_1747201058.366.jpg,1747201058.366,0.04329991340637207,1747201058.356,20.39,33.58,-20.97,24.41,72.21,-43.54,185.07
../dataset/Meca_insertion/Meca_3th_insertion_250514/right/zed_49429257_left_1747201058.366.jpg,1747201058.366,0.04329991340637207,1747201058.356,20.39,33.58,-20.97,24.41,72.21,-43.54,185.07
../dataset/Meca_insertion/Meca_3th_insertion_250514/left/zed_44377151_right_1747201058.462.jpg,1747201058.462,0.005700111389160156,1747201058.501,20.39,33.58,-20.97,24.41,72.21,-43.54,185.07
../dataset/Meca_insertion/Meca_3th_insertion_250514/left/zed_44377151_left_1747201058.462.jpg,1747201058.462,0.005700111389160156,1747201058.501,20.39,33.58,-20.97,24.41,72.21,-43.54,185.07
../dataset/Meca_insertion/Meca_3th_insertion_250514/top/zed_49045152_left_1747201058.472.jpg,1747201058.472,0.00429987907409668,1747201058.501,20.39,33.58,-20.97,24.41,72.21,-43.54,185.07
../dataset/Meca_insertion/Meca_3th_insertion_250514/top/zed_49045152_right_1747201058.472.jpg,1747201058.472,0.00429987907409668,1747201058.501,20.39,33.58,-20.97,24.41,72.21,-43.54,185.07
../dataset/Meca_insertion/Meca_3th_insertion_250514/front/zed_41182735_left_1747201058.493.jpg,1747201058.493,0.025300025939941406,1747201058.501,20.39,33.58,-20.97,24.41,72.21,-43.54,185.07
../dataset/Meca_insertion/Meca_3th_insertion_250514/front/zed_41182735_right_1747201058.493.jpg,1747201058.493,0.025300025939941406,1747201058.501,20.39,33.58,-20.97,24.41,72.21,-43.54,185.07
../dataset/Meca_insertion/Meca_3th_insertion_250514/left/zed_44377151_left_1747201058.711.jpg,1747201058.711,0.04329991340637207,1747201058.701,20.39,33.57,-20.98,24.41,72.22,-43.53,185.06
../dataset/Meca_insertion/Meca_3th_insertion_250514/left/zed_44377151_right_1747201058.711.jpg,1747201058.711,0.04329991340637207,1747201058.701,20.39,33.57,-20.98,24.41,72.22,-43.53,185.06
../dataset/Meca_insertion/Meca_3th_insertion_250514/top/zed_49045152_right_1747201058.786.jpg,1747201058.786,0.0176999568939209,1747201058.837,20.41,33.6,-20.89,24.43,72.11,-43.57,185.1
../dataset/Meca_insertion/Meca_3th_insertion_250514/top/zed_49045152_left_1747201058.786.jpg,1747201058.786,0.0176999568939209,1747201058.837,20.41,33.6,-20.89,24.43,72.11,-43.57,185.1
../dataset/Meca_insertion/Meca_3th_insertion_250514/front/zed_41182735_left_1747201058.802.jpg,1747201058.802,0.0016999244689941406,1747201058.837,20.41,33.6,-20.89,24.43,72.11,-43.57,185.1
../dataset/Meca_insertion/Meca_3th_insertion_250514/front/zed_41182735_right_1747201058.802.jpg,1747201058.802,0.0016999244689941406,1747201058.837,20.41,33.6,-20.89,24.43,72.11,-43.57,185.1
../dataset/Meca_insertion/Meca_3th_insertion_250514/right/zed_49429257_right_1747201058.840.jpg,1747201058.84,0.036299943923950195,1747201058.837,20.41,33.6,-20.89,24.43,72.11,-43.57,185.1
../dataset/Meca_insertion/Meca_3th_insertion_250514/right/zed_49429257_left_1747201058.840.jpg,1747201058.84,0.036299943923950195,1747201058.837,20.41,33.6,-20.89,24.43,72.11,-43.57,185.1
../dataset/Meca_insertion/Meca_3th_insertion_250514/front/zed_41182735_right_1747201059.106.jpg,1747201059.106,0.03970003128051758,1747201059.179,20.53,33.74,-20.35,24.58,71.45,-43.8,185.3
../dataset/Meca_insertion/Meca_3th_insertion_250514/front/zed_41182735_left_1747201059.106.jpg,1747201059.106,0.03970003128051758,1747201059.179,20.53,33.74,-20.35,24.58,71.45,-43.8,185.3
../dataset/Meca_insertion/Meca_3th_insertion_250514/right/zed_49429257_right_1747201059.142.jpg,1747201059.142,0.0037000179290771484,1747201059.179,20.53,33.74,-20.35,24.58,71.45,-43.8,185.3
../dataset/Meca_insertion/Meca_3th_insertion_250514/right/zed_49429257_left_1747201059.142.jpg,1747201059.142,0.0037000179290771484,1747201059.179,20.53,33.74,-20.35,24.58,71.45,-43.8,185.3
../dataset/Meca_insertion/Meca_3th_insertion_250514/left/zed_44377151_right_1747201059.149.jpg,1747201059.149,0.0032999515533447266,1747201059.179,20.53,33.74,-20.35,24.58,71.45,-43.8,185.3
../dataset/Meca_insertion/Meca_3th_insertion_250514/left/zed_44377151_left_1747201059.149.jpg,1747201059.149,0.0032999515533447266,1747201059.179,20.53,33.74,-20.35,24.58,71.45,-43.8,185.3
../dataset/Meca_insertion/Meca_3th_insertion_250514/top/zed_49045152_left_1747201059.172.jpg,1747201059.172,0.02629995346069336,1747201059.179,20.53,33.74,-20.35,24.58,71.45,-43.8,185.3
../dataset/Meca_insertion/Meca_3th_insertion_250514/top/zed_49045152_right_1747201059.172.jpg,1747201059.172,0.02629995346069336,1747201059.179,20.53,33.74,-20.35,24.58,71.45,-43.8,185.3
../dataset/Meca_insertion/Meca_3th_insertion_250514/front/zed_41182735_right_1747201059.382.jpg,1747201059.382,0.0006999969482421875,1747201059.416,20.66,33.89,-19.75,24.74,70.72,-44.05,185.5
../dataset/Meca_insertion/Meca_3th_insertion_250514/front/zed_41182735_left_1747201059.382.jpg,1747201059.382,0.0006999969482421875,1747201059.416,20.66,33.89,-19.75,24.74,70.72,-44.05,185.5
../dataset/Meca_insertion/Meca_3th_insertion_250514/right/zed_49429257_left_1747201059.432.jpg,1747201059.432,0.04929995536804199,1747201059.416,20.66,33.89,-19.75,24.74,70.72,-44.05,185.5
../dataset/Meca_insertion/Meca_3th_insertion_250514/right/zed_49429257_right_1747201059.432.jpg,1747201059.432,0.04929995536804199,1747201059.416,20.66,33.89,-19.75,24.74,70.72,-44.05,185.5
../dataset/Meca_insertion/Meca_3th_insertion_250514/top/zed_49045152_left_1747201059.488.jpg,1747201059.488,0.0007002353668212891,1747201059.522,20.7,33.94,-19.57,24.79,70.5,-44.12,185.56
../dataset/Meca_insertion/Meca_3th_insertion_250514/top/zed_49045152_right_1747201059.488.jpg,1747201059.488,0.0007002353668212891,1747201059.522,20.7,33.94,-19.57,24.79,70.5,-44.12,185.56
../dataset/Meca_insertion/Meca_3th_insertion_250514/left/zed_44377151_left_1747201059.527.jpg,1747201059.527,0.0382997989654541,1747201059.522,20.7,33.94,-19.57,24.79,70.5,-44.12,185.56
../dataset/Meca_insertion/Meca_3th_insertion_250514/left/zed_44377151_right_1747201059.527.jpg,1747201059.527,0.0382997989654541,1747201059.522,20.7,33.94,-19.57,24.79,70.5,-44.12,185.56
../dataset/Meca_insertion/Meca_3th_insertion_250514/top/zed_49045152_right_1747201059.764.jpg,1747201059.764,0.035700082778930664,1747201059.833,20.81,34.07,-19.06,24.92,69.88,-44.34,185.71
../dataset/Meca_insertion/Meca_3th_insertion_250514/top/zed_49045152_left_1747201059.764.jpg,1747201059.764,0.035700082778930664,1747201059.833,20.81,34.07,-19.06,24.92,69.88,-44.34,185.71
../dataset/Meca_insertion/Meca_3th_insertion_250514/right/zed_49429257_left_1747201059.800.jpg,1747201059.8,0.0002999305725097656,1747201059.833,20.81,34.07,-19.06,24.92,69.88,-44.34,185.71
../dataset/Meca_insertion/Meca_3th_insertion_250514/right/zed_49429257_right_1747201059.800.jpg,1747201059.8,0.0002999305725097656,1747201059.833,20.81,34.07,-19.06,24.92,69.88,-44.34,185.71
../dataset/Meca_insertion/Meca_3th_insertion_250514/left/zed_44377151_right_1747201059.811.jpg,1747201059.811,0.011300086975097656,1747201059.833,20.81,34.07,-19.06,24.92,69.88,-44.34,185.71
../dataset/Meca_insertion/Meca_3th_insertion_250514/left/zed_44377151_left_1747201059.811.jpg,1747201059.811,0.011300086975097656,1747201059.833,20.81,34.07,-19.06,24.92,69.88,-44.34,185.71
../dataset/Meca_insertion/Meca_3th_insertion_250514/front/zed_41182735_right_1747201059.988.jpg,1747201059.988,0.0177001953125,1747201060.039,20.89,34.17,-18.67,25.03,69.4,-44.5,185.82
../dataset/Meca_insertion/Meca_3th_insertion_250514/front/zed_41182735_left_1747201059.988.jpg,1747201059.988,0.0177001953125,1747201060.039,20.89,34.17,-18.67,25.03,69.4,-44.5,185.82
../dataset/Meca_insertion/Meca_3th_insertion_250514/top/zed_49045152_right_1747201060.039.jpg,1747201060.039,0.033299922943115234,1747201060.039,20.89,34.17,-18.67,25.03,69.4,-44.5,185.82
../dataset/Meca_insertion/Meca_3th_insertion_250514/top/zed_49045152_left_1747201060.039.jpg,1747201060.039,0.033299922943115234,1747201060.039,20.89,34.17,-18.67,25.03,69.4,-44.5,185.82
../dataset/Meca_insertion/Meca_3th_insertion_250514/right/zed_49429257_right_1747201060.090.jpg,1747201060.09,0.046700239181518555,1747201060.17,20.97,34.26,-18.34,25.12,69.0,-44.64,185.9
../dataset/Meca_insertion/Meca_3th_insertion_250514/right/zed_49429257_left_1747201060.090.jpg,1747201060.09,0.046700239181518555,1747201060.17,20.97,34.26,-18.34,25.12,69.0,-44.64,185.9
../dataset/Meca_insertion/Meca_3th_insertion_250514/left/zed_44377151_left_1747201060.152.jpg,1747201060.152,0.015299797058105469,1747201060.17,20.97,34.26,-18.34,25.12,69.0,-44.64,185.9
../dataset/Meca_insertion/Meca_3th_insertion_250514/left/zed_44377151_right_1747201060.152.jpg,1747201060.152,0.015299797058105469,1747201060.17,20.97,34.26,-18.34,25.12,69.0,-44.64,185.9
../dataset/Meca_insertion/Meca_3th_insertion_250514/front/zed_41182735_left_1747201060.416.jpg,1747201060.416,0.019700288772583008,1747201060.469,21.04,34.34,-18.01,25.21,68.6,-44.78,185.98
../dataset/Meca_insertion/Meca_3th_insertion_250514/front/zed_41182735_right_1747201060.416.jpg,1747201060.416,0.019700288772583008,1747201060.469,21.04,34.34,-18.01,25.21,68.6,-44.78,185.98
../dataset/Meca_insertion/Meca_3th_insertion_250514/left/zed_44377151_left_1747201060.469.jpg,1747201060.469,0.033299922943115234,1747201060.469,21.04,34.34,-18.01,25.21,68.6,-44.78,185.98
../dataset/Meca_insertion/Meca_3th_insertion_250514/left/zed_44377151_right_1747201060.469.jpg,1747201060.469,0.033299922943115234,1747201060.469,21.04,34.34,-18.01,25.21,68.6,-44.78,185.98
../dataset/Meca_insertion/Meca_3th_insertion_250514/right/zed_49429257_left_1747201060.479.jpg,1747201060.479,0.04329991340637207,1747201060.469,21.04,34.34,-18.01,25.21,68.6,-44.78,185.98
../dataset/Meca_insertion/Meca_3th_insertion_250514/right/zed_49429257_right_1747201060.479.jpg,1747201060.479,0.04329991340637207,1747201060.469,21.04,34.34,-18.01,25.21,68.6,-44.78,185.98
../dataset/Meca_insertion/Meca_3th_insertion_250514/front/zed_41182735_right_1747201060.772.jpg,1747201060.772,0.01869988441467285,1747201060.824,21.18,34.52,-17.35,25.38,67.79,-45.05,186.11
../dataset/Meca_insertion/Meca_3th_insertion_250514/front/zed_41182735_left_1747201060.772.jpg,1747201060.772,0.01869988441467285,1747201060.824,21.18,34.52,-17.35,25.38,67.79,-45.05,186.11
../dataset/Meca_insertion/Meca_3th_insertion_250514/right/zed_49429257_right_1747201060.792.jpg,1747201060.792,0.0013000965118408203,1747201060.824,21.18,34.52,-17.35,25.38,67.79,-45.05,186.11
../dataset/Meca_insertion/Meca_3th_insertion_250514/right/zed_49429257_left_1747201060.792.jpg,1747201060.792,0.0013000965118408203,1747201060.824,21.18,34.52,-17.35,25.38,67.79,-45.05,186.11
../dataset/Meca_insertion/Meca_3th_insertion_250514/top/zed_49045152_right_1747201060.824.jpg,1747201060.824,0.033299922943115234,1747201060.824,21.18,34.52,-17.35,25.38,67.79,-45.05,186.11
../dataset/Meca_insertion/Meca_3th_insertion_250514/top/zed_49045152_left_1747201060.824.jpg,1747201060.824,0.033299922943115234,1747201060.824,21.18,34.52,-17.35,25.38,67.79,-45.05,186.11
../dataset/Meca_insertion/Meca_3th_insertion_250514/front/zed_41182735_right_1747201061.052.jpg,1747201061.052,0.033299922943115234,1747201061.052,21.31,34.66,-16.78,25.54,67.1,-45.29,186.21
../dataset/Meca_insertion/Meca_3th_insertion_250514/front/zed_41182735_left_1747201061.052.jpg,1747201061.052,0.033299922943115234,1747201061.052,21.31,34.66,-16.78,25.54,67.1,-45.29,186.21
../dataset/Meca_insertion/Meca_3th_insertion_250514/front/zed_41182735_left_1747201061.466.jpg,1747201061.466,0.025300025939941406,1747201061.474,21.45,34.84,-16.12,25.72,66.29,-45.57,186.3
../dataset/Meca_insertion/Meca_3th_insertion_250514/front/zed_41182735_right_1747201061.466.jpg,1747201061.466,0.025300025939941406,1747201061.474,21.45,34.84,-16.12,25.72,66.29,-45.57,186.3
../dataset/Meca_insertion/Meca_3th_insertion_250514/top/zed_49045152_right_1747201061.481.jpg,1747201061.481,0.04029989242553711,1747201061.474,21.45,34.84,-16.12,25.72,66.29,-45.57,186.3
../dataset/Meca_insertion/Meca_3th_insertion_250514/top/zed_49045152_left_1747201061.481.jpg,1747201061.481,0.04029989242553711,1747201061.474,21.45,34.84,-16.12,25.72,66.29,-45.57,186.3
../dataset/Meca_insertion/Meca_3th_insertion_250514/right/zed_49429257_left_1747201061.487.jpg,1747201061.487,0.04629993438720703,1747201061.474,21.45,34.84,-16.12,25.72,66.29,-45.57,186.3
../dataset/Meca_insertion/Meca_3th_insertion_250514/right/zed_49429257_right_1747201061.487.jpg,1747201061.487,0.04629993438720703,1747201061.474,21.45,34.84,-16.12,25.72,66.29,-45.57,186.3
../dataset/Meca_insertion/Meca_3th_insertion_250514/top/zed_49045152_right_1747201061.715.jpg,1747201061.715,0.03470015525817871,1747201061.783,21.57,34.98,-15.55,25.87,65.59,-45.8,186.36
../dataset/Meca_insertion/Meca_3th_insertion_250514/top/zed_49045152_left_1747201061.715.jpg,1747201061.715,0.03470015525817871,1747201061.783,21.57,34.98,-15.55,25.87,65.59,-45.8,186.36
../dataset/Meca_insertion/Meca_3th_insertion_250514/right/zed_49429257_right_1747201061.784.jpg,1747201061.784,0.03429985046386719,1747201061.783,21.57,34.98,-15.55,25.87,65.59,-45.8,186.36
../dataset/Meca_insertion/Meca_3th_insertion_250514/right/zed_49429257_left_1747201061.784.jpg,1747201061.784,0.03429985046386719,1747201061.783,21.57,34.98,-15.55,25.87,65.59,-45.8,186.36
../dataset/Meca_insertion/Meca_3th_insertion_250514/left/zed_44377151_left_1747201062.106.jpg,1747201062.106,0.03170013427734375,1747201062.171,21.7,35.14,-14.95,26.03,64.86,-46.06,186.41
../dataset/Meca_insertion/Meca_3th_insertion_250514/left/zed_44377151_right_1747201062.106.jpg,1747201062.106,0.03170013427734375,1747201062.171,21.7,35.14,-14.95,26.03,64.86,-46.06,186.41
../dataset/Meca_insertion/Meca_3th_insertion_250514/front/zed_41182735_right_1747201062.149.jpg,1747201062.149,0.011299848556518555,1747201062.171,21.7,35.14,-14.95,26.03,64.86,-46.06,186.41
../dataset/Meca_insertion/Meca_3th_insertion_250514/front/zed_41182735_left_1747201062.149.jpg,1747201062.149,0.011299848556518555,1747201062.171,21.7,35.14,-14.95,26.03,64.86,-46.06,186.41
../dataset/Meca_insertion/Meca_3th_insertion_250514/right/zed_49429257_left_1747201062.155.jpg,1747201062.155,0.017299890518188477,1747201062.171,21.7,35.14,-14.95,26.03,64.86,-46.06,186.41
../dataset/Meca_insertion/Meca_3th_insertion_250514/right/zed_49429257_right_1747201062.155.jpg,1747201062.155,0.017299890518188477,1747201062.171,21.7,35.14,-14.95,26.03,64.86,-46.06,186.41
../dataset/Meca_insertion/Meca_3th_insertion_250514/top/zed_49045152_left_1747201062.165.jpg,1747201062.165,0.027299880981445312,1747201062.171,21.7,35.14,-14.95,26.03,64.86,-46.06,186.41
../dataset/Meca_insertion/Meca_3th_insertion_250514/top/zed_49045152_right_1747201062.165.jpg,1747201062.165,0.027299880981445312,1747201062.171,21.7,35.14,-14.95,26.03,64.86,-46.06,186.41
../dataset/Meca_insertion/Meca_3th_insertion_250514/right/zed_49429257_left_1747201062.379.jpg,1747201062.379,0.0012998580932617188,1747201062.411,21.83,35.3,-14.35,26.19,64.13,-46.31,186.43
../dataset/Meca_insertion/Meca_3th_insertion_250514/right/zed_49429257_right_1747201062.379.jpg,1747201062.379,0.0012998580932617188,1747201062.411,21.83,35.3,-14.35,26.19,64.13,-46.31,186.43
../dataset/Meca_insertion/Meca_3th_insertion_250514/left/zed_44377151_left_1747201062.445.jpg,1747201062.445,0.043700218200683594,1747201062.522,21.84,35.3,-14.32,26.2,64.09,-46.32,186.43
../dataset/Meca_insertion/Meca_3th_insertion_250514/left/zed_44377151_right_1747201062.445.jpg,1747201062.445,0.043700218200683594,1747201062.522,21.84,35.3,-14.32,26.2,64.09,-46.32,186.43
../dataset/Meca_insertion/Meca_3th_insertion_250514/front/zed_41182735_left_1747201062.499.jpg,1747201062.499,0.010299921035766602,1747201062.522,21.84,35.3,-14.32,26.2,64.09,-46.32,186.43
../dataset/Meca_insertion/Meca_3th_insertion_250514/front/zed_41182735_right_1747201062.499.jpg,1747201062.499,0.010299921035766602,1747201062.522,21.84,35.3,-14.32,26.2,64.09,-46.32,186.43
../dataset/Meca_insertion/Meca_3th_insertion_250514/top/zed_49045152_left_1747201062.516.jpg,1747201062.516,0.027299880981445312,1747201062.522,21.84,35.3,-14.32,26.2,64.09,-46.32,186.43
../dataset/Meca_insertion/Meca_3th_insertion_250514/top/zed_49045152_right_1747201062.516.jpg,1747201062.516,0.027299880981445312,1747201062.522,21.84,35.3,-14.32,26.2,64.09,-46.32,186.43
../dataset/Meca_insertion/Meca_3th_insertion_250514/front/zed_41182735_left_1747201062.775.jpg,1747201062.775,0.03869986534118652,1747201062.847,21.98,35.47,-13.69,26.37,63.32,-46.58,186.43
../dataset/Meca_insertion/Meca_3th_insertion_250514/front/zed_41182735_right_1747201062.775.jpg,1747201062.775,0.03869986534118652,1747201062.847,21.98,35.47,-13.69,26.37,63.32,-46.58,186.43
../dataset/Meca_insertion/Meca_3th_insertion_250514/right/zed_49429257_left_1747201062.825.jpg,1747201062.825,0.011300086975097656,1747201062.847,21.98,35.47,-13.69,26.37,63.32,-46.58,186.43
../dataset/Meca_insertion/Meca_3th_insertion_250514/right/zed_49429257_right_1747201062.825.jpg,1747201062.825,0.011300086975097656,1747201062.847,21.98,35.47,-13.69,26.37,63.32,-46.58,186.43
../dataset/Meca_insertion/Meca_3th_insertion_250514/top/zed_49045152_left_1747201062.838.jpg,1747201062.838,0.024300098419189453,1747201062.847,21.98,35.47,-13.69,26.37,63.32,-46.58,186.43
../dataset/Meca_insertion/Meca_3th_insertion_250514/top/zed_49045152_right_1747201062.838.jpg,1747201062.838,0.024300098419189453,1747201062.847,21.98,35.47,-13.69,26.37,63.32,-46.58,186.43
../dataset/Meca_insertion/Meca_3th_insertion_250514/left/zed_44377151_left_1747201062.849.jpg,1747201062.849,0.03530001640319824,1747201062.847,21.98,35.47,-13.69,26.37,63.32,-46.58,186.43
../dataset/Meca_insertion/Meca_3th_insertion_250514/left/zed_44377151_right_1747201062.849.jpg,1747201062.849,0.03530001640319824,1747201062.847,21.98,35.47,-13.69,26.37,63.32,-46.58,186.43
../dataset/Meca_insertion/Meca_3th_insertion_250514/left/zed_44377151_right_1747201063.105.jpg,1747201063.105,0.04770016670227051,1747201063.186,22.12,35.63,-13.06,26.54,62.56,-46.85,186.41
../dataset/Meca_insertion/Meca_3th_insertion_250514/left/zed_44377151_left_1747201063.105.jpg,1747201063.105,0.04770016670227051,1747201063.186,22.12,35.63,-13.06,26.54,62.56,-46.85,186.41
../dataset/Meca_insertion/Meca_3th_insertion_250514/right/zed_49429257_right_1747201063.155.jpg,1747201063.155,0.002299785614013672,1747201063.186,22.12,35.63,-13.06,26.54,62.56,-46.85,186.41
../dataset/Meca_insertion/Meca_3th_insertion_250514/right/zed_49429257_left_1747201063.155.jpg,1747201063.155,0.002299785614013672,1747201063.186,22.12,35.63,-13.06,26.54,62.56,-46.85,186.41
../dataset/Meca_insertion/Meca_3th_insertion_250514/front/zed_41182735_right_1747201063.161.jpg,1747201063.161,0.008299827575683594,1747201063.186,22.12,35.63,-13.06,26.54,62.56,-46.85,186.41
../dataset/Meca_insertion/Meca_3th_insertion_250514/front/zed_41182735_left_1747201063.161.jpg,1747201063.161,0.008299827575683594,1747201063.186,22.12,35.63,-13.06,26.54,62.56,-46.85,186.41
../dataset/Meca_insertion/Meca_3th_insertion_250514/top/zed_49045152_right_1747201063.186.jpg,1747201063.186,0.033299922943115234,1747201063.186,22.12,35.63,-13.06,26.54,62.56,-46.85,186.41
../dataset/Meca_insertion/Meca_3th_insertion_250514/top/zed_49045152_left_1747201063.186.jpg,1747201063.186,0.033299922943115234,1747201063.186,22.12,35.63,-13.06,26.54,62.56,-46.85,186.41
../dataset/Meca_insertion/Meca_3th_insertion_250514/right/zed_49429257_right_1747201063.398.jpg,1747201063.398,0.0012998580932617188,1747201063.43,22.23,35.77,-12.52,26.69,61.9,-47.07,186.38
../dataset/Meca_insertion/Meca_3th_insertion_250514/right/zed_49429257_left_1747201063.398.jpg,1747201063.398,0.0012998580932617188,1747201063.43,22.23,35.77,-12.52,26.69,61.9,-47.07,186.38
../dataset/Meca_insertion/Meca_3th_insertion_250514/top/zed_49045152_right_1747201063.479.jpg,1747201063.479,0.02670001983642578,1747201063.539,22.29,35.84,-12.25,26.76,61.57,-47.18,186.36
../dataset/Meca_insertion/Meca_3th_insertion_250514/top/zed_49045152_left_1747201063.479.jpg,1747201063.479,0.02670001983642578,1747201063.539,22.29,35.84,-12.25,26.76,61.57,-47.18,186.36
../dataset/Meca_insertion/Meca_3th_insertion_250514/left/zed_44377151_right_1747201063.501.jpg,1747201063.501,0.004700183868408203,1747201063.539,22.29,35.84,-12.25,26.76,61.57,-47.18,186.36
../dataset/Meca_insertion/Meca_3th_insertion_250514/left/zed_44377151_left_1747201063.501.jpg,1747201063.501,0.004700183868408203,1747201063.539,22.29,35.84,-12.25,26.76,61.57,-47.18,186.36
../dataset/Meca_insertion/Meca_3th_insertion_250514/front/zed_41182735_left_1747201063.509.jpg,1747201063.509,0.0032999515533447266,1747201063.539,22.29,35.84,-12.25,26.76,61.57,-47.18,186.36
../dataset/Meca_insertion/Meca_3th_insertion_250514/front/zed_41182735_right_1747201063.509.jpg,1747201063.509,0.0032999515533447266,1747201063.539,22.29,35.84,-12.25,26.76,61.57,-47.18,186.36
../dataset/Meca_insertion/Meca_3th_insertion_250514/top/zed_49045152_right_1747201063.707.jpg,1747201063.707,0.019700050354003906,1747201063.76,22.36,35.92,-11.95,26.84,61.2,-47.31,186.33
../dataset/Meca_insertion/Meca_3th_insertion_250514/top/zed_49045152_left_1747201063.707.jpg,1747201063.707,0.019700050354003906,1747201063.76,22.36,35.92,-11.95,26.84,61.2,-47.31,186.33
../dataset/Meca_insertion/Meca_3th_insertion_250514/left/zed_44377151_left_1747201063.760.jpg,1747201063.76,0.033299922943115234,1747201063.76,22.36,35.92,-11.95,26.84,61.2,-47.31,186.33
../dataset/Meca_insertion/Meca_3th_insertion_250514/left/zed_44377151_right_1747201063.760.jpg,1747201063.76,0.033299922943115234,1747201063.76,22.36,35.92,-11.95,26.84,61.2,-47.31,186.33
../dataset/Meca_insertion/Meca_3th_insertion_250514/right/zed_49429257_left_1747201064.085.jpg,1747201064.085,0.030699968338012695,1747201064.149,22.49,36.08,-11.32,27.01,60.43,-47.57,186.25
../dataset/Meca_insertion/Meca_3th_insertion_250514/right/zed_49429257_right_1747201064.085.jpg,1747201064.085,0.030699968338012695,1747201064.149,22.49,36.08,-11.32,27.01,60.43,-47.57,186.25
../dataset/Meca_insertion/Meca_3th_insertion_250514/front/zed_41182735_right_1747201064.151.jpg,1747201064.151,0.03530001640319824,1747201064.149,22.49,36.08,-11.32,27.01,60.43,-47.57,186.25
../dataset/Meca_insertion/Meca_3th_insertion_250514/front/zed_41182735_left_1747201064.151.jpg,1747201064.151,0.03530001640319824,1747201064.149,22.49,36.08,-11.32,27.01,60.43,-47.57,186.25
../dataset/Meca_insertion/Meca_3th_insertion_250514/left/zed_44377151_left_1747201064.343.jpg,1747201064.343,0.0012998580932617188,1747201064.375,22.61,36.22,-10.81,27.15,59.81,-47.79,186.17
../dataset/Meca_insertion/Meca_3th_insertion_250514/left/zed_44377151_right_1747201064.343.jpg,1747201064.343,0.0012998580932617188,1747201064.375,22.61,36.22,-10.81,27.15,59.81,-47.79,186.17
../dataset/Meca_insertion/Meca_3th_insertion_250514/right/zed_49429257_left_1747201064.474.jpg,1747201064.474,0.010699987411499023,1747201064.518,22.64,36.26,-10.66,27.19,59.63,-47.85,186.14
../dataset/Meca_insertion/Meca_3th_insertion_250514/right/zed_49429257_right_1747201064.474.jpg,1747201064.474,0.010699987411499023,1747201064.518,22.64,36.26,-10.66,27.19,59.63,-47.85,186.14
../dataset/Meca_insertion/Meca_3th_insertion_250514/top/zed_49045152_left_1747201064.511.jpg,1747201064.511,0.02629995346069336,1747201064.518,22.64,36.26,-10.66,27.19,59.63,-47.85,186.14
../dataset/Meca_insertion/Meca_3th_insertion_250514/top/zed_49045152_right_1747201064.511.jpg,1747201064.511,0.02629995346069336,1747201064.518,22.64,36.26,-10.66,27.19,59.63,-47.85,186.14
../dataset/Meca_insertion/Meca_3th_insertion_250514/left/zed_44377151_left_1747201064.687.jpg,1747201064.687,0.011700153350830078,1747201064.732,22.76,36.4,-10.12,27.33,58.97,-48.08,186.04
../dataset/Meca_insertion/Meca_3th_insertion_250514/left/zed_44377151_right_1747201064.687.jpg,1747201064.687,0.011700153350830078,1747201064.732,22.76,36.4,-10.12,27.33,58.97,-48.08,186.04
../dataset/Meca_insertion/Meca_3th_insertion_250514/right/zed_49429257_left_1747201064.739.jpg,1747201064.739,0.04029989242553711,1747201064.732,22.76,36.4,-10.12,27.33,58.97,-48.08,186.04
../dataset/Meca_insertion/Meca_3th_insertion_250514/right/zed_49429257_right_1747201064.739.jpg,1747201064.739,0.04029989242553711,1747201064.732,22.76,36.4,-10.12,27.33,58.97,-48.08,186.04
../dataset/Meca_insertion/Meca_3th_insertion_250514/front/zed_41182735_left_1747201064.802.jpg,1747201064.802,0.013700008392333984,1747201064.849,22.78,36.42,-10.03,27.36,58.86,-48.11,186.02
../dataset/Meca_insertion/Meca_3th_insertion_250514/front/zed_41182735_right_1747201064.802.jpg,1747201064.802,0.013700008392333984,1747201064.849,22.78,36.42,-10.03,27.36,58.86,-48.11,186.02
../dataset/Meca_insertion/Meca_3th_insertion_250514/top/zed_49045152_left_1747201064.830.jpg,1747201064.83,0.014299869537353516,1747201064.849,22.78,36.42,-10.03,27.36,58.86,-48.11,186.02
../dataset/Meca_insertion/Meca_3th_insertion_250514/top/zed_49045152_right_1747201064.830.jpg,1747201064.83,0.014299869537353516,1747201064.849,22.78,36.42,-10.03,27.36,58.86,-48.11,186.02
../dataset/Meca_insertion/Meca_3th_insertion_250514/right/zed_49429257_right_1747201065.076.jpg,1747201065.076,0.04770016670227051,1747201065.157,22.89,36.55,-9.52,27.49,58.24,-48.33,185.91
../dataset/Meca_insertion/Meca_3th_insertion_250514/right/zed_49429257_left_1747201065.076.jpg,1747201065.076,0.04770016670227051,1747201065.157,22.89,36.55,-9.52,27.49,58.24,-48.33,185.91
../dataset/Meca_insertion/Meca_3th_insertion_250514/top/zed_49045152_right_1747201065.112.jpg,1747201065.112,0.011700153350830078,1747201065.157,22.89,36.55,-9.52,27.49,58.24,-48.33,185.91
../dataset/Meca_insertion/Meca_3th_insertion_250514/top/zed_49045152_left_1747201065.112.jpg,1747201065.112,0.011700153350830078,1747201065.157,22.89,36.55,-9.52,27.49,58.24,-48.33,185.91
../dataset/Meca_insertion/Meca_3th_insertion_250514/front/zed_41182735_left_1747201065.160.jpg,1747201065.16,0.036299943923950195,1747201065.157,22.89,36.55,-9.52,27.49,58.24,-48.33,185.91
../dataset/Meca_insertion/Meca_3th_insertion_250514/front/zed_41182735_right_1747201065.160.jpg,1747201065.16,0.036299943923950195,1747201065.157,22.89,36.55,-9.52,27.49,58.24,-48.33,185.91
../dataset/Meca_insertion/Meca_3th_insertion_250514/right/zed_49429257_left_1747201065.343.jpg,1747201065.343,0.0032999515533447266,1747201065.373,23.0,36.68,-9.01,27.63,57.61,-48.54,185.78
../dataset/Meca_insertion/Meca_3th_insertion_250514/right/zed_49429257_right_1747201065.343.jpg,1747201065.343,0.0032999515533447266,1747201065.373,23.0,36.68,-9.01,27.63,57.61,-48.54,185.78
../dataset/Meca_insertion/Meca_3th_insertion_250514/left/zed_44377151_right_1747201065.463.jpg,1747201065.463,0.012700080871582031,1747201065.509,23.06,36.76,-8.71,27.71,57.25,-48.67,185.69
../dataset/Meca_insertion/Meca_3th_insertion_250514/left/zed_44377151_left_1747201065.463.jpg,1747201065.463,0.012700080871582031,1747201065.509,23.06,36.76,-8.71,27.71,57.25,-48.67,185.69
../dataset/Meca_insertion/Meca_3th_insertion_250514/front/zed_41182735_right_1747201065.471.jpg,1747201065.471,0.004700183868408203,1747201065.509,23.06,36.76,-8.71,27.71,57.25,-48.67,185.69
../dataset/Meca_insertion/Meca_3th_insertion_250514/front/zed_41182735_left_1747201065.471.jpg,1747201065.471,0.004700183868408203,1747201065.509,23.06,36.76,-8.71,27.71,57.25,-48.67,185.69
../dataset/Meca_insertion/Meca_3th_insertion_250514/top/zed_49045152_right_1747201065.734.jpg,1747201065.734,0.005299806594848633,1747201065.762,23.12,36.83,-8.44,27.78,56.92,-48.78,185.62
../dataset/Meca_insertion/Meca_3th_insertion_250514/top/zed_49045152_left_1747201065.734.jpg,1747201065.734,0.005299806594848633,1747201065.762,23.12,36.83,-8.44,27.78,56.92,-48.78,185.62
../dataset/Meca_insertion/Meca_3th_insertion_250514/left/zed_44377151_right_1747201065.763.jpg,1747201065.763,0.03429985046386719,1747201065.762,23.12,36.83,-8.44,27.78,56.92,-48.78,185.62
../dataset/Meca_insertion/Meca_3th_insertion_250514/left/zed_44377151_left_1747201065.763.jpg,1747201065.763,0.03429985046386719,1747201065.762,23.12,36.83,-8.44,27.78,56.92,-48.78,185.62
../dataset/Meca_insertion/Meca_3th_insertion_250514/front/zed_41182735_left_1747201065.816.jpg,1747201065.816,0.04870009422302246,1747201065.898,23.21,36.94,-8.02,27.9,56.4,-48.95,185.49
../dataset/Meca_insertion/Meca_3th_insertion_250514/front/zed_41182735_right_1747201065.816.jpg,1747201065.816,0.04870009422302246,1747201065.898,23.21,36.94,-8.02,27.9,56.4,-48.95,185.49
../dataset/Meca_insertion/Meca_3th_insertion_250514/right/zed_49429257_left_1747201066.086.jpg,1747201066.086,0.013299942016601562,1747201066.106,23.26,37.0,-7.81,27.95,56.15,-49.04,185.42
../dataset/Meca_insertion/Meca_3th_insertion_250514/right/zed_49429257_right_1747201066.086.jpg,1747201066.086,0.013299942016601562,1747201066.106,23.26,37.0,-7.81,27.95,56.15,-49.04,185.42
../dataset/Meca_insertion/Meca_3th_insertion_250514/right/zed_49429257_left_1747201066.379.jpg,1747201066.379,0.0012998580932617188,1747201066.411,23.4,37.17,-7.15,28.13,55.34,-49.32,185.19
../dataset/Meca_insertion/Meca_3th_insertion_250514/right/zed_49429257_right_1747201066.379.jpg,1747201066.379,0.0012998580932617188,1747201066.411,23.4,37.17,-7.15,28.13,55.34,-49.32,185.19
../dataset/Meca_insertion/Meca_3th_insertion_250514/front/zed_41182735_left_1747201066.447.jpg,1747201066.447,0.041700124740600586,1747201066.522,23.45,37.22,-6.94,28.19,55.09,-49.41,185.11
../dataset/Meca_insertion/Meca_3th_insertion_250514/front/zed_41182735_right_1747201066.447.jpg,1747201066.447,0.041700124740600586,1747201066.522,23.45,37.22,-6.94,28.19,55.09,-49.41,185.11
../dataset/Meca_insertion/Meca_3th_insertion_250514/top/zed_49045152_left_1747201066.504.jpg,1747201066.504,0.015299797058105469,1747201066.522,23.45,37.22,-6.94,28.19,55.09,-49.41,185.11
../dataset/Meca_insertion/Meca_3th_insertion_250514/top/zed_49045152_right_1747201066.504.jpg,1747201066.504,0.015299797058105469,1747201066.522,23.45,37.22,-6.94,28.19,55.09,-49.41,185.11
../dataset/Meca_insertion/Meca_3th_insertion_250514/left/zed_44377151_right_1747201066.522.jpg,1747201066.522,0.033299922943115234,1747201066.522,23.45,37.22,-6.94,28.19,55.09,-49.41,185.11
../dataset/Meca_insertion/Meca_3th_insertion_250514/left/zed_44377151_left_1747201066.522.jpg,1747201066.522,0.033299922943115234,1747201066.522,23.45,37.22,-6.94,28.19,55.09,-49.41,185.11
../dataset/Meca_insertion/Meca_3th_insertion_250514/right/zed_49429257_left_1747201066.764.jpg,1747201066.764,0.03370022773742676,1747201066.831,23.51,37.3,-6.65,28.27,54.74,-49.53,185.0
../dataset/Meca_insertion/Meca_3th_insertion_250514/right/zed_49429257_right_1747201066.764.jpg,1747201066.764,0.03370022773742676,1747201066.831,23.51,37.3,-6.65,28.27,54.74,-49.53,185.0
../dataset/Meca_insertion/Meca_3th_insertion_250514/front/zed_41182735_left_1747201066.816.jpg,1747201066.816,0.01829981803894043,1747201066.831,23.51,37.3,-6.65,28.27,54.74,-49.53,185.0
../dataset/Meca_insertion/Meca_3th_insertion_250514/front/zed_41182735_right_1747201066.816.jpg,1747201066.816,0.01829981803894043,1747201066.831,23.51,37.3,-6.65,28.27,54.74,-49.53,185.0
../dataset/Meca_insertion/Meca_3th_insertion_250514/top/zed_49045152_right_1747201066.837.jpg,1747201066.837,0.039299726486206055,1747201066.831,23.51,37.3,-6.65,28.27,54.74,-49.53,185.0
../dataset/Meca_insertion/Meca_3th_insertion_250514/top/zed_49045152_left_1747201066.837.jpg,1747201066.837,0.039299726486206055,1747201066.831,23.51,37.3,-6.65,28.27,54.74,-49.53,185.0
../dataset/Meca_insertion/Meca_3th_insertion_250514/front/zed_41182735_left_1747201067.069.jpg,1747201067.069,0.04129981994628906,1747201067.061,23.4,37.16,-7.16,28.13,55.36,-49.31,185.19
../dataset/Meca_insertion/Meca_3th_insertion_250514/front/zed_41182735_right_1747201067.069.jpg,1747201067.069,0.04129981994628906,1747201067.061,23.4,37.16,-7.16,28.13,55.36,-49.31,185.19
../dataset/Meca_insertion/Meca_3th_insertion_250514/right/zed_49429257_left_1747201067.124.jpg,1747201067.124,0.008699893951416016,1747201067.166,23.4,37.16,-7.16,28.13,55.36,-49.31,185.19
../dataset/Meca_insertion/Meca_3th_insertion_250514/right/zed_49429257_right_1747201067.124.jpg,1747201067.124,0.008699893951416016,1747201067.166,23.4,37.16,-7.16,28.13,55.36,-49.31,185.19
../dataset/Meca_insertion/Meca_3th_insertion_250514/left/zed_44377151_right_1747201067.174.jpg,1747201067.174,0.041300058364868164,1747201067.166,23.4,37.16,-7.16,28.13,55.36,-49.31,185.19
../dataset/Meca_insertion/Meca_3th_insertion_250514/left/zed_44377151_left_1747201067.174.jpg,1747201067.174,0.041300058364868164,1747201067.166,23.4,37.16,-7.16,28.13,55.36,-49.31,185.19
../dataset/Meca_insertion/Meca_3th_insertion_250514/right/zed_49429257_left_1747201067.526.jpg,1747201067.526,0.017299890518188477,1747201067.542,23.25,36.98,-7.86,27.94,56.2,-49.02,185.43
../dataset/Meca_insertion/Meca_3th_insertion_250514/right/zed_49429257_right_1747201067.526.jpg,1747201067.526,0.017299890518188477,1747201067.542,23.25,36.98,-7.86,27.94,56.2,-49.02,185.43
../dataset/Meca_insertion/Meca_3th_insertion_250514/left/zed_44377151_right_1747201067.545.jpg,1747201067.545,0.036299943923950195,1747201067.542,23.25,36.98,-7.86,27.94,56.2,-49.02,185.43
../dataset/Meca_insertion/Meca_3th_insertion_250514/left/zed_44377151_left_1747201067.545.jpg,1747201067.545,0.036299943923950195,1747201067.542,23.25,36.98,-7.86,27.94,56.2,-49.02,185.43
../dataset/Meca_insertion/Meca_3th_insertion_250514/top/zed_49045152_right_1747201067.558.jpg,1747201067.558,0.04929995536804199,1747201067.542,23.25,36.98,-7.86,27.94,56.2,-49.02,185.43
../dataset/Meca_insertion/Meca_3th_insertion_250514/top/zed_49045152_left_1747201067.558.jpg,1747201067.558,0.04929995536804199,1747201067.542,23.25,36.98,-7.86,27.94,56.2,-49.02,185.43
../dataset/Meca_insertion/Meca_3th_insertion_250514/front/zed_41182735_left_1747201067.725.jpg,1747201067.725,0.0017001628875732422,1747201067.76,23.13,36.84,-8.4,27.8,56.86,-48.8,185.6
../dataset/Meca_insertion/Meca_3th_insertion_250514/front/zed_41182735_right_1747201067.725.jpg,1747201067.725,0.0017001628875732422,1747201067.76,23.13,36.84,-8.4,27.8,56.86,-48.8,185.6
../dataset/Meca_insertion/Meca_3th_insertion_250514/left/zed_44377151_left_1747201067.822.jpg,1747201067.822,0.04069995880126953,1747201067.896,23.12,36.83,-8.45,27.78,56.94,-48.77,185.62
../dataset/Meca_insertion/Meca_3th_insertion_250514/left/zed_44377151_right_1747201067.822.jpg,1747201067.822,0.04069995880126953,1747201067.896,23.12,36.83,-8.45,27.78,56.94,-48.77,185.62
../dataset/Meca_insertion/Meca_3th_insertion_250514/right/zed_49429257_left_1747201067.864.jpg,1747201067.864,0.0013000965118408203,1747201067.896,23.12,36.83,-8.45,27.78,56.94,-48.77,185.62
../dataset/Meca_insertion/Meca_3th_insertion_250514/right/zed_49429257_right_1747201067.864.jpg,1747201067.864,0.0013000965118408203,1747201067.896,23.12,36.83,-8.45,27.78,56.94,-48.77,185.62
../dataset/Meca_insertion/Meca_3th_insertion_250514/top/zed_49045152_right_1747201068.162.jpg,1747201068.162,0.002299785614013672,1747201068.193,22.99,36.68,-9.03,27.63,57.63,-48.53,185.78
../dataset/Meca_insertion/Meca_3th_insertion_250514/top/zed_49045152_left_1747201068.162.jpg,1747201068.162,0.002299785614013672,1747201068.193,22.99,36.68,-9.03,27.63,57.63,-48.53,185.78
../dataset/Meca_insertion/Meca_3th_insertion_250514/right/zed_49429257_left_1747201068.197.jpg,1747201068.197,0.03729987144470215,1747201068.193,22.99,36.68,-9.03,27.63,57.63,-48.53,185.78
../dataset/Meca_insertion/Meca_3th_insertion_250514/right/zed_49429257_right_1747201068.197.jpg,1747201068.197,0.03729987144470215,1747201068.193,22.99,36.68,-9.03,27.63,57.63,-48.53,185.78
../dataset/Meca_insertion/Meca_3th_insertion_250514/front/zed_41182735_right_1747201068.351.jpg,1747201068.351,0.00970005989074707,1747201068.394,22.9,36.56,-9.48,27.51,58.18,-48.35,185.9
../dataset/Meca_insertion/Meca_3th_insertion_250514/front/zed_41182735_left_1747201068.351.jpg,1747201068.351,0.00970005989074707,1747201068.394,22.9,36.56,-9.48,27.51,58.18,-48.35,185.9
../dataset/Meca_insertion/Meca_3th_insertion_250514/left/zed_44377151_left_1747201068.396.jpg,1747201068.396,0.03529977798461914,1747201068.394,22.9,36.56,-9.48,27.51,58.18,-48.35,185.9
../dataset/Meca_insertion/Meca_3th_insertion_250514/left/zed_44377151_right_1747201068.396.jpg,1747201068.396,0.03529977798461914,1747201068.394,22.9,36.56,-9.48,27.51,58.18,-48.35,185.9
../dataset/Meca_insertion/Meca_3th_insertion_250514/right/zed_49429257_right_1747201068.457.jpg,1747201068.457,0.04270005226135254,1747201068.533,22.82,36.48,-9.8,27.42,58.58,-48.21,185.97
../dataset/Meca_insertion/Meca_3th_insertion_250514/right/zed_49429257_left_1747201068.457.jpg,1747201068.457,0.04270005226135254,1747201068.533,22.82,36.48,-9.8,27.42,58.58,-48.21,185.97
../dataset/Meca_insertion/Meca_3th_insertion_250514/top/zed_49045152_left_1747201068.492.jpg,1747201068.492,0.0076999664306640625,1747201068.533,22.82,36.48,-9.8,27.42,58.58,-48.21,185.97
../dataset/Meca_insertion/Meca_3th_insertion_250514/top/zed_49045152_right_1747201068.492.jpg,1747201068.492,0.0076999664306640625,1747201068.533,22.82,36.48,-9.8,27.42,58.58,-48.21,185.97
../dataset/Meca_insertion/Meca_3th_insertion_250514/front/zed_41182735_left_1747201068.676.jpg,1747201068.676,0.033699989318847656,1747201068.743,22.75,36.39,-10.13,27.33,58.99,-48.07,186.04
../dataset/Meca_insertion/Meca_3th_insertion_250514/front/zed_41182735_right_1747201068.676.jpg,1747201068.676,0.033699989318847656,1747201068.743,22.75,36.39,-10.13,27.33,58.99,-48.07,186.04
../dataset/Meca_insertion/Meca_3th_insertion_250514/top/zed_49045152_right_1747201068.756.jpg,1747201068.756,0.04629993438720703,1747201068.743,22.75,36.39,-10.13,27.33,58.99,-48.07,186.04
../dataset/Meca_insertion/Meca_3th_insertion_250514/top/zed_49045152_left_1747201068.756.jpg,1747201068.756,0.04629993438720703,1747201068.743,22.75,36.39,-10.13,27.33,58.99,-48.07,186.04
../dataset/Meca_insertion/Meca_3th_insertion_250514/front/zed_41182735_right_1747201068.985.jpg,1747201068.985,0.006299734115600586,1747201069.012,22.65,36.27,-10.61,27.2,59.57,-47.87,186.14
../dataset/Meca_insertion/Meca_3th_insertion_250514/front/zed_41182735_left_1747201068.985.jpg,1747201068.985,0.006299734115600586,1747201069.012,22.65,36.27,-10.61,27.2,59.57,-47.87,186.14
../dataset/Meca_insertion/Meca_3th_insertion_250514/left/zed_44377151_right_1747201069.087.jpg,1747201069.087,0.015700101852416992,1747201069.136,22.63,36.24,-10.7,27.17,59.68,-47.83,186.15
../dataset/Meca_insertion/Meca_3th_insertion_250514/left/zed_44377151_left_1747201069.087.jpg,1747201069.087,0.015700101852416992,1747201069.136,22.63,36.24,-10.7,27.17,59.68,-47.83,186.15
../dataset/Meca_insertion/Meca_3th_insertion_250514/right/zed_49429257_left_1747201069.127.jpg,1747201069.127,0.024300098419189453,1747201069.136,22.63,36.24,-10.7,27.17,59.68,-47.83,186.15
../dataset/Meca_insertion/Meca_3th_insertion_250514/right/zed_49429257_right_1747201069.127.jpg,1747201069.127,0.024300098419189453,1747201069.136,22.63,36.24,-10.7,27.17,59.68,-47.83,186.15
../dataset/Meca_insertion/Meca_3th_insertion_250514/front/zed_41182735_left_1747201069.347.jpg,1747201069.347,0.04329991340637207,1747201069.337,22.5,36.1,-11.28,27.02,60.38,-47.59,186.24
../dataset/Meca_insertion/Meca_3th_insertion_250514/front/zed_41182735_right_1747201069.347.jpg,1747201069.347,0.04329991340637207,1747201069.337,22.5,36.1,-11.28,27.02,60.38,-47.59,186.24
../dataset/Meca_insertion/Meca_3th_insertion_250514/right/zed_49429257_right_1747201069.410.jpg,1747201069.41,0.028699874877929688,1747201069.472,22.5,36.09,-11.3,27.01,60.41,-47.58,186.25
../dataset/Meca_insertion/Meca_3th_insertion_250514/right/zed_49429257_left_1747201069.410.jpg,1747201069.41,0.028699874877929688,1747201069.472,22.5,36.09,-11.3,27.01,60.41,-47.58,186.25
../dataset/Meca_insertion/Meca_3th_insertion_250514/left/zed_44377151_left_1747201069.452.jpg,1747201069.452,0.013299942016601562,1747201069.472,22.5,36.09,-11.3,27.01,60.41,-47.58,186.25
../dataset/Meca_insertion/Meca_3th_insertion_250514/left/zed_44377151_right_1747201069.452.jpg,1747201069.452,0.013299942016601562,1747201069.472,22.5,36.09,-11.3,27.01,60.41,-47.58,186.25
../dataset/Meca_insertion/Meca_3th_insertion_250514/top/zed_49045152_right_1747201069.479.jpg,1747201069.479,0.04030013084411621,1747201069.472,22.5,36.09,-11.3,27.01,60.41,-47.58,186.25
../dataset/Meca_insertion/Meca_3th_insertion_250514/top/zed_49045152_left_1747201069.479.jpg,1747201069.479,0.04030013084411621,1747201069.472,22.5,36.09,-11.3,27.01,60.41,-47.58,186.25
../dataset/Meca_insertion/Meca_3th_insertion_250514/top/zed_49045152_left_1747201069.769.jpg,1747201069.769,0.025700092315673828,1747201069.828,22.36,35.92,-11.93,26.84,61.18,-47.32,186.33
../dataset/Meca_insertion/Meca_3th_insertion_250514/top/zed_49045152_right_1747201069.769.jpg,1747201069.769,0.025700092315673828,1747201069.828,22.36,35.92,-11.93,26.84,61.18,-47.32,186.33
../dataset/Meca_insertion/Meca_3th_insertion_250514/right/zed_49429257_left_1747201069.816.jpg,1747201069.816,0.02129983901977539,1747201069.828,22.36,35.92,-11.93,26.84,61.18,-47.32,186.33
../dataset/Meca_insertion/Meca_3th_insertion_250514/right/zed_49429257_right_1747201069.816.jpg,1747201069.816,0.02129983901977539,1747201069.828,22.36,35.92,-11.93,26.84,61.18,-47.32,186.33
../dataset/Meca_insertion/Meca_3th_insertion_250514/left/zed_44377151_left_1747201069.821.jpg,1747201069.821,0.02629995346069336,1747201069.828,22.36,35.92,-11.93,26.84,61.18,-47.32,186.33
../dataset/Meca_insertion/Meca_3th_insertion_250514/left/zed_44377151_right_1747201069.821.jpg,1747201069.821,0.02629995346069336,1747201069.828,22.36,35.92,-11.93,26.84,61.18,-47.32,186.33
../dataset/Meca_insertion/Meca_3th_insertion_250514/left/zed_44377151_left_1747201070.122.jpg,1747201070.122,0.005299806594848633,1747201070.15,22.24,35.78,-12.5,26.69,61.88,-47.08,186.38
../dataset/Meca_insertion/Meca_3th_insertion_250514/left/zed_44377151_right_1747201070.122.jpg,1747201070.122,0.005299806594848633,1747201070.15,22.24,35.78,-12.5,26.69,61.88,-47.08,186.38
../dataset/Meca_insertion/Meca_3th_insertion_250514/top/zed_49045152_right_1747201070.158.jpg,1747201070.158,0.04129981994628906,1747201070.15,22.24,35.78,-12.5,26.69,61.88,-47.08,186.38
../dataset/Meca_insertion/Meca_3th_insertion_250514/top/zed_49045152_left_1747201070.158.jpg,1747201070.158,0.04129981994628906,1747201070.15,22.24,35.78,-12.5,26.69,61.88,-47.08,186.38
../dataset/Meca_insertion/Meca_3th_insertion_250514/front/zed_41182735_right_1747201070.337.jpg,1747201070.337,0.019700288772583008,1747201070.39,22.12,35.64,-13.04,26.54,62.54,-46.85,186.41
../dataset/Meca_insertion/Meca_3th_insertion_250514/front/zed_41182735_left_1747201070.337.jpg,1747201070.337,0.019700288772583008,1747201070.39,22.12,35.64,-13.04,26.54,62.54,-46.85,186.41
../dataset/Meca_insertion/Meca_3th_insertion_250514/right/zed_49429257_right_1747201070.391.jpg,1747201070.391,0.03429985046386719,1747201070.39,22.12,35.64,-13.04,26.54,62.54,-46.85,186.41
../dataset/Meca_insertion/Meca_3th_insertion_250514/right/zed_49429257_left_1747201070.391.jpg,1747201070.391,0.03429985046386719,1747201070.39,22.12,35.64,-13.04,26.54,62.54,-46.85,186.41
../dataset/Meca_insertion/Meca_3th_insertion_250514/front/zed_41182735_left_1747201070.655.jpg,1747201070.655,0.00970005989074707,1747201070.698,21.99,35.49,-13.62,26.39,63.23,-46.61,186.43
../dataset/Meca_insertion/Meca_3th_insertion_250514/front/zed_41182735_right_1747201070.655.jpg,1747201070.655,0.00970005989074707,1747201070.698,21.99,35.49,-13.62,26.39,63.23,-46.61,186.43
../dataset/Meca_insertion/Meca_3th_insertion_250514/right/zed_49429257_left_1747201071.003.jpg,1747201071.003,0.04329991340637207,1747201070.993,21.86,35.32,-14.25,26.22,64.0,-46.35,186.43
../dataset/Meca_insertion/Meca_3th_insertion_250514/right/zed_49429257_right_1747201071.003.jpg,1747201071.003,0.04329991340637207,1747201070.993,21.86,35.32,-14.25,26.22,64.0,-46.35,186.43
../dataset/Meca_insertion/Meca_3th_insertion_250514/front/zed_41182735_left_1747201071.063.jpg,1747201071.063,0.016700029373168945,1747201071.113,21.85,35.32,-14.27,26.21,64.04,-46.34,186.43
../dataset/Meca_insertion/Meca_3th_insertion_250514/front/zed_41182735_right_1747201071.063.jpg,1747201071.063,0.016700029373168945,1747201071.113,21.85,35.32,-14.27,26.21,64.04,-46.34,186.43
../dataset/Meca_insertion/Meca_3th_insertion_250514/left/zed_44377151_left_1747201071.104.jpg,1747201071.104,0.024300098419189453,1747201071.113,21.85,35.32,-14.27,26.21,64.04,-46.34,186.43
../dataset/Meca_insertion/Meca_3th_insertion_250514/left/zed_44377151_right_1747201071.104.jpg,1747201071.104,0.024300098419189453,1747201071.113,21.85,35.32,-14.27,26.21,64.04,-46.34,186.43
../dataset/Meca_insertion/Meca_3th_insertion_250514/right/zed_49429257_right_1747201071.345.jpg,1747201071.345,0.04929995536804199,1747201071.329,21.73,35.17,-14.84,26.06,64.73,-46.1,186.41
../dataset/Meca_insertion/Meca_3th_insertion_250514/right/zed_49429257_left_1747201071.345.jpg,1747201071.345,0.04929995536804199,1747201071.329,21.73,35.17,-14.84,26.06,64.73,-46.1,186.41
../dataset/Meca_insertion/Meca_3th_insertion_250514/left/zed_44377151_right_1747201071.411.jpg,1747201071.411,0.02870011329650879,1747201071.473,21.69,35.12,-15.02,26.01,64.95,-46.02,186.4
../dataset/Meca_insertion/Meca_3th_insertion_250514/left/zed_44377151_left_1747201071.411.jpg,1747201071.411,0.02870011329650879,1747201071.473,21.69,35.12,-15.02,26.01,64.95,-46.02,186.4
../dataset/Meca_insertion/Meca_3th_insertion_250514/top/zed_49045152_left_1747201071.454.jpg,1747201071.454,0.014299869537353516,1747201071.473,21.69,35.12,-15.02,26.01,64.95,-46.02,186.4
../dataset/Meca_insertion/Meca_3th_insertion_250514/top/zed_49045152_right_1747201071.454.jpg,1747201071.454,0.014299869537353516,1747201071.473,21.69,35.12,-15.02,26.01,64.95,-46.02,186.4
../dataset/Meca_insertion/Meca_3th_insertion_250514/front/zed_41182735_right_1747201071.478.jpg,1747201071.478,0.0382997989654541,1747201071.473,21.69,35.12,-15.02,26.01,64.95,-46.02,186.4
../dataset/Meca_insertion/Meca_3th_insertion_250514/front/zed_41182735_left_1747201071.478.jpg,1747201071.478,0.0382997989654541,1747201071.473,21.69,35.12,-15.02,26.01,64.95,-46.02,186.4
../dataset/Meca_insertion/Meca_3th_insertion_250514/right/zed_49429257_right_1747201071.667.jpg,1747201071.667,0.0032999515533447266,1747201071.697,21.6,35.01,-15.44,25.9,65.47,-45.85,186.37
../dataset/Meca_insertion/Meca_3th_insertion_250514/right/zed_49429257_left_1747201071.667.jpg,1747201071.667,0.0032999515533447266,1747201071.697,21.6,35.01,-15.44,25.9,65.47,-45.85,186.37
../dataset/Meca_insertion/Meca_3th_insertion_250514/top/zed_49045152_right_1747201071.777.jpg,1747201071.777,0.004700183868408203,1747201071.815,21.56,34.97,-15.59,25.86,65.65,-45.79,186.36
../dataset/Meca_insertion/Meca_3th_insertion_250514/top/zed_49045152_left_1747201071.777.jpg,1747201071.777,0.004700183868408203,1747201071.815,21.56,34.97,-15.59,25.86,65.65,-45.79,186.36
../dataset/Meca_insertion/Meca_3th_insertion_250514/front/zed_41182735_left_1747201071.808.jpg,1747201071.808,0.02629995346069336,1747201071.815,21.56,34.97,-15.59,25.86,65.65,-45.79,186.36
../dataset/Meca_insertion/Meca_3th_insertion_250514/front/zed_41182735_right_1747201071.808.jpg,1747201071.808,0.02629995346069336,1747201071.815,21.56,34.97,-15.59,25.86,65.65,-45.79,186.36
../dataset/Meca_insertion/Meca_3th_insertion_250514/left/zed_44377151_right_1747201072.019.jpg,1747201072.019,0.011699914932250977,1747201072.064,21.47,34.86,-16.01,25.74,66.16,-45.61,186.31
../dataset/Meca_insertion/Meca_3th_insertion_250514/left/zed_44377151_left_1747201072.019.jpg,1747201072.019,0.011699914932250977,1747201072.064,21.47,34.86,-16.01,25.74,66.16,-45.61,186.31
../dataset/Meca_insertion/Meca_3th_insertion_250514/top/zed_49045152_right_1747201072.064.jpg,1747201072.064,0.033299922943115234,1747201072.064,21.47,34.86,-16.01,25.74,66.16,-45.61,186.31
../dataset/Meca_insertion/Meca_3th_insertion_250514/top/zed_49045152_left_1747201072.064.jpg,1747201072.064,0.033299922943115234,1747201072.064,21.47,34.86,-16.01,25.74,66.16,-45.61,186.31
../dataset/Meca_insertion/Meca_3th_insertion_250514/right/zed_49429257_left_1747201072.320.jpg,1747201072.32,0.004700183868408203,1747201072.358,21.34,34.7,-16.64,25.57,66.93,-45.35,186.23
../dataset/Meca_insertion/Meca_3th_insertion_250514/right/zed_49429257_right_1747201072.320.jpg,1747201072.32,0.004700183868408203,1747201072.358,21.34,34.7,-16.64,25.57,66.93,-45.35,186.23
../dataset/Meca_insertion/Meca_3th_insertion_250514/front/zed_41182735_right_1747201072.369.jpg,1747201072.369,0.04429984092712402,1747201072.358,21.34,34.7,-16.64,25.57,66.93,-45.35,186.23
../dataset/Meca_insertion/Meca_3th_insertion_250514/front/zed_41182735_left_1747201072.369.jpg,1747201072.369,0.04429984092712402,1747201072.358,21.34,34.7,-16.64,25.57,66.93,-45.35,186.23
../dataset/Meca_insertion/Meca_3th_insertion_250514/left/zed_44377151_left_1747201072.423.jpg,1747201072.423,0.027699947357177734,1747201072.484,21.28,34.64,-16.88,25.51,67.22,-45.25,186.19
../dataset/Meca_insertion/Meca_3th_insertion_250514/left/zed_44377151_right_1747201072.423.jpg,1747201072.423,0.027699947357177734,1747201072.484,21.28,34.64,-16.88,25.51,67.22,-45.25,186.19
../dataset/Meca_insertion/Meca_3th_insertion_250514/top/zed_49045152_left_1747201072.467.jpg,1747201072.467,0.016299962997436523,1747201072.484,21.28,34.64,-16.88,25.51,67.22,-45.25,186.19
../dataset/Meca_insertion/Meca_3th_insertion_250514/top/zed_49045152_right_1747201072.467.jpg,1747201072.467,0.016299962997436523,1747201072.484,21.28,34.64,-16.88,25.51,67.22,-45.25,186.19
../dataset/Meca_insertion/Meca_3th_insertion_250514/front/zed_41182735_right_1747201072.662.jpg,1747201072.662,0.011700153350830078,1747201072.707,21.22,34.56,-17.18,25.43,67.59,-45.12,186.14
../dataset/Meca_insertion/Meca_3th_insertion_250514/front/zed_41182735_left_1747201072.662.jpg,1747201072.662,0.011700153350830078,1747201072.707,21.22,34.56,-17.18,25.43,67.59,-45.12,186.14
../dataset/Meca_insertion/Meca_3th_insertion_250514/top/zed_49045152_left_1747201072.722.jpg,1747201072.722,0.04829978942871094,1747201072.707,21.22,34.56,-17.18,25.43,67.59,-45.12,186.14
../dataset/Meca_insertion/Meca_3th_insertion_250514/top/zed_49045152_right_1747201072.722.jpg,1747201072.722,0.04829978942871094,1747201072.707,21.22,34.56,-17.18,25.43,67.59,-45.12,186.14
../dataset/Meca_insertion/Meca_3th_insertion_250514/left/zed_44377151_right_1747201072.752.jpg,1747201072.752,0.025700092315673828,1747201072.811,21.15,34.47,-17.51,25.34,67.99,-44.98,186.08
../dataset/Meca_insertion/Meca_3th_insertion_250514/left/zed_44377151_left_1747201072.752.jpg,1747201072.752,0.025700092315673828,1747201072.811,21.15,34.47,-17.51,25.34,67.99,-44.98,186.08
../dataset/Meca_insertion/Meca_3th_insertion_250514/front/zed_41182735_left_1747201072.998.jpg,1747201072.998,0.015700101852416992,1747201073.047,21.07,34.39,-17.84,25.25,68.39,-44.84,186.01
../dataset/Meca_insertion/Meca_3th_insertion_250514/front/zed_41182735_right_1747201072.998.jpg,1747201072.998,0.015700101852416992,1747201073.047,21.07,34.39,-17.84,25.25,68.39,-44.84,186.01
../dataset/Meca_insertion/Meca_3th_insertion_250514/top/zed_49045152_right_1747201073.059.jpg,1747201073.059,0.04530000686645508,1747201073.047,21.07,34.39,-17.84,25.25,68.39,-44.84,186.01
../dataset/Meca_insertion/Meca_3th_insertion_250514/top/zed_49045152_left_1747201073.059.jpg,1747201073.059,0.04530000686645508,1747201073.047,21.07,34.39,-17.84,25.25,68.39,-44.84,186.01
../dataset/Meca_insertion/Meca_3th_insertion_250514/right/zed_49429257_left_1747201073.083.jpg,1747201073.083,0.03670024871826172,1747201073.153,21.02,34.32,-18.11,25.18,68.72,-44.73,185.95
../dataset/Meca_insertion/Meca_3th_insertion_250514/right/zed_49429257_right_1747201073.083.jpg,1747201073.083,0.03670024871826172,1747201073.153,21.02,34.32,-18.11,25.18,68.72,-44.73,185.95
../dataset/Meca_insertion/Meca_3th_insertion_250514/left/zed_44377151_right_1747201073.146.jpg,1747201073.146,0.026299715042114258,1747201073.153,21.02,34.32,-18.11,25.18,68.72,-44.73,185.95
../dataset/Meca_insertion/Meca_3th_insertion_250514/left/zed_44377151_left_1747201073.146.jpg,1747201073.146,0.026299715042114258,1747201073.153,21.02,34.32,-18.11,25.18,68.72,-44.73,185.95
../dataset/Meca_insertion/Meca_3th_insertion_250514/left/zed_44377151_left_1747201073.461.jpg,1747201073.461,0.012299776077270508,1747201073.482,20.92,34.21,-18.53,25.07,69.24,-44.56,185.85
../dataset/Meca_insertion/Meca_3th_insertion_250514/left/zed_44377151_right_1747201073.461.jpg,1747201073.461,0.012299776077270508,1747201073.482,20.92,34.21,-18.53,25.07,69.24,-44.56,185.85
../dataset/Meca_insertion/Meca_3th_insertion_250514/front/zed_41182735_left_1747201073.482.jpg,1747201073.482,0.033299922943115234,1747201073.482,20.92,34.21,-18.53,25.07,69.24,-44.56,185.85
../dataset/Meca_insertion/Meca_3th_insertion_250514/front/zed_41182735_right_1747201073.482.jpg,1747201073.482,0.033299922943115234,1747201073.482,20.92,34.21,-18.53,25.07,69.24,-44.56,185.85
../dataset/Meca_insertion/Meca_3th_insertion_250514/left/zed_44377151_right_1747201073.738.jpg,1747201073.738,0.03529977798461914,1747201073.736,20.79,34.04,-19.16,24.9,70.01,-44.29,185.68
../dataset/Meca_insertion/Meca_3th_insertion_250514/left/zed_44377151_left_1747201073.738.jpg,1747201073.738,0.03529977798461914,1747201073.736,20.79,34.04,-19.16,24.9,70.01,-44.29,185.68
../dataset/Meca_insertion/Meca_3th_insertion_250514/right/zed_49429257_left_1747201073.848.jpg,1747201073.848,0.027699947357177734,1747201073.909,20.75,34.01,-19.31,24.86,70.19,-44.23,185.64
../dataset/Meca_insertion/Meca_3th_insertion_250514/right/zed_49429257_right_1747201073.848.jpg,1747201073.848,0.027699947357177734,1747201073.909,20.75,34.01,-19.31,24.86,70.19,-44.23,185.64
../dataset/Meca_insertion/Meca_3th_insertion_250514/top/zed_49045152_right_1747201073.903.jpg,1747201073.903,0.027300119400024414,1747201073.909,20.75,34.01,-19.31,24.86,70.19,-44.23,185.64
../dataset/Meca_insertion/Meca_3th_insertion_250514/top/zed_49045152_left_1747201073.903.jpg,1747201073.903,0.027300119400024414,1747201073.909,20.75,34.01,-19.31,24.86,70.19,-44.23,185.64
../dataset/Meca_insertion/Meca_3th_insertion_250514/left/zed_44377151_right_1747201074.078.jpg,1747201074.078,0.0046999454498291016,1747201074.116,20.64,33.87,-19.82,24.72,70.81,-44.02,185.48
../dataset/Meca_insertion/Meca_3th_insertion_250514/left/zed_44377151_left_1747201074.078.jpg,1747201074.078,0.0046999454498291016,1747201074.116,20.64,33.87,-19.82,24.72,70.81,-44.02,185.48
../dataset/Meca_insertion/Meca_3th_insertion_250514/front/zed_41182735_left_1747201074.129.jpg,1747201074.129,0.04629993438720703,1747201074.116,20.64,33.87,-19.82,24.72,70.81,-44.02,185.48
../dataset/Meca_insertion/Meca_3th_insertion_250514/front/zed_41182735_right_1747201074.129.jpg,1747201074.129,0.04629993438720703,1747201074.116,20.64,33.87,-19.82,24.72,70.81,-44.02,185.48
../dataset/Meca_insertion/Meca_3th_insertion_250514/right/zed_49429257_left_1747201074.192.jpg,1747201074.192,0.021700143814086914,1747201074.247,20.6,33.83,-20.0,24.67,71.03,-43.94,185.42
../dataset/Meca_insertion/Meca_3th_insertion_250514/right/zed_49429257_right_1747201074.192.jpg,1747201074.192,0.021700143814086914,1747201074.247,20.6,33.83,-20.0,24.67,71.03,-43.94,185.42
../dataset/Meca_insertion/Meca_3th_insertion_250514/top/zed_49045152_right_1747201074.230.jpg,1747201074.23,0.016299962997436523,1747201074.247,20.6,33.83,-20.0,24.67,71.03,-43.94,185.42
../dataset/Meca_insertion/Meca_3th_insertion_250514/top/zed_49045152_left_1747201074.230.jpg,1747201074.23,0.016299962997436523,1747201074.247,20.6,33.83,-20.0,24.67,71.03,-43.94,185.42
../dataset/Meca_insertion/Meca_3th_insertion_250514/left/zed_44377151_left_1747201074.414.jpg,1747201074.414,0.04670000076293945,1747201074.494,20.52,33.72,-20.39,24.56,71.51,-43.78,185.28
../dataset/Meca_insertion/Meca_3th_insertion_250514/left/zed_44377151_right_1747201074.414.jpg,1747201074.414,0.04670000076293945,1747201074.494,20.52,33.72,-20.39,24.56,71.51,-43.78,185.28
../dataset/Meca_insertion/Meca_3th_insertion_250514/front/zed_41182735_left_1747201074.459.jpg,1747201074.459,0.0016999244689941406,1747201074.494,20.52,33.72,-20.39,24.56,71.51,-43.78,185.28
../dataset/Meca_insertion/Meca_3th_insertion_250514/front/zed_41182735_right_1747201074.459.jpg,1747201074.459,0.0016999244689941406,1747201074.494,20.52,33.72,-20.39,24.56,71.51,-43.78,185.28
../dataset/Meca_insertion/Meca_3th_insertion_250514/top/zed_49045152_right_1747201074.561.jpg,1747201074.561,0.02369999885559082,1747201074.618,20.44,33.63,-20.75,24.47,71.95,-43.63,185.15
../dataset/Meca_insertion/Meca_3th_insertion_250514/top/zed_49045152_left_1747201074.561.jpg,1747201074.561,0.02369999885559082,1747201074.618,20.44,33.63,-20.75,24.47,71.95,-43.63,185.15
../dataset/Meca_insertion/Meca_3th_insertion_250514/front/zed_41182735_left_1747201074.789.jpg,1747201074.789,0.012700080871582031,1747201074.835,20.4,33.58,-20.96,24.41,72.2,-43.54,185.07
../dataset/Meca_insertion/Meca_3th_insertion_250514/front/zed_41182735_right_1747201074.789.jpg,1747201074.789,0.012700080871582031,1747201074.835,20.4,33.58,-20.96,24.41,72.2,-43.54,185.07
../dataset/Meca_insertion/Meca_3th_insertion_250514/right/zed_49429257_right_1747201074.829.jpg,1747201074.829,0.027299880981445312,1747201074.835,20.4,33.58,-20.96,24.41,72.2,-43.54,185.07
../dataset/Meca_insertion/Meca_3th_insertion_250514/right/zed_49429257_left_1747201074.829.jpg,1747201074.829,0.027299880981445312,1747201074.835,20.4,33.58,-20.96,24.41,72.2,-43.54,185.07
../dataset/Meca_insertion/Meca_3th_insertion_250514/top/zed_49045152_left_1747201074.851.jpg,1747201074.851,0.04929995536804199,1747201074.835,20.4,33.58,-20.96,24.41,72.2,-43.54,185.07
../dataset/Meca_insertion/Meca_3th_insertion_250514/top/zed_49045152_right_1747201074.851.jpg,1747201074.851,0.04929995536804199,1747201074.835,20.4,33.58,-20.96,24.41,72.2,-43.54,185.07
../dataset/Meca_insertion/Meca_3th_insertion_250514/right/zed_49429257_right_1747201075.078.jpg,1747201075.078,0.04029989242553711,1747201075.071,20.39,33.56,-21.01,24.4,72.26,-43.52,185.05
../dataset/Meca_insertion/Meca_3th_insertion_250514/right/zed_49429257_left_1747201075.078.jpg,1747201075.078,0.04029989242553711,1747201075.071,20.39,33.56,-21.01,24.4,72.26,-43.52,185.05
../dataset/Meca_insertion/Meca_3th_insertion_250514/top/zed_49045152_left_1747201075.150.jpg,1747201075.15,0.024699926376342773,1747201075.208,20.39,33.56,-21.01,24.4,72.26,-43.52,185.05
../dataset/Meca_insertion/Meca_3th_insertion_250514/top/zed_49045152_right_1747201075.150.jpg,1747201075.15,0.024699926376342773,1747201075.208,20.39,33.56,-21.01,24.4,72.26,-43.52,185.05
../dataset/Meca_insertion/Meca_3th_insertion_250514/left/zed_44377151_right_1747201075.170.jpg,1747201075.17,0.0046999454498291016,1747201075.208,20.39,33.56,-21.01,24.4,72.26,-43.52,185.05
../dataset/Meca_insertion/Meca_3th_insertion_250514/left/zed_44377151_left_1747201075.170.jpg,1747201075.17,0.0046999454498291016,1747201075.208,20.39,33.56,-21.01,24.4,72.26,-43.52,185.05
../dataset/Meca_insertion/Meca_3th_insertion_250514/front/zed_41182735_left_1747201075.201.jpg,1747201075.201,0.02629995346069336,1747201075.208,20.39,33.56,-21.01,24.4,72.26,-43.52,185.05
../dataset/Meca_insertion/Meca_3th_insertion_250514/front/zed_41182735_right_1747201075.201.jpg,1747201075.201,0.02629995346069336,1747201075.208,20.39,33.56,-21.01,24.4,72.26,-43.52,185.05
../dataset/Meca_insertion/Meca_3th_insertion_250514/right/zed_49429257_left_1747201075.421.jpg,1747201075.421,0.04129981994628906,1747201075.413,20.52,33.72,-20.41,24.56,71.53,-43.77,185.28
../dataset/Meca_insertion/Meca_3th_insertion_250514/right/zed_49429257_right_1747201075.421.jpg,1747201075.421,0.04129981994628906,1747201075.413,20.52,33.72,-20.41,24.56,71.53,-43.77,185.28
../dataset/Meca_insertion/Meca_3th_insertion_250514/top/zed_49045152_right_1747201075.484.jpg,1747201075.484,0.005700111389160156,1747201075.523,20.52,33.72,-20.41,24.56,71.53,-43.77,185.28
../dataset/Meca_insertion/Meca_3th_insertion_250514/top/zed_49045152_left_1747201075.484.jpg,1747201075.484,0.005700111389160156,1747201075.523,20.52,33.72,-20.41,24.56,71.53,-43.77,185.28
../dataset/Meca_insertion/Meca_3th_insertion_250514/front/zed_41182735_right_1747201075.510.jpg,1747201075.51,0.020299911499023438,1747201075.523,20.52,33.72,-20.41,24.56,71.53,-43.77,185.28
../dataset/Meca_insertion/Meca_3th_insertion_250514/front/zed_41182735_left_1747201075.510.jpg,1747201075.51,0.020299911499023438,1747201075.523,20.52,33.72,-20.41,24.56,71.53,-43.77,185.28
../dataset/Meca_insertion/Meca_3th_insertion_250514/right/zed_49429257_left_1747201075.746.jpg,1747201075.746,0.033299922943115234,1747201075.746,20.65,33.88,-19.81,24.72,70.8,-44.02,185.48
../dataset/Meca_insertion/Meca_3th_insertion_250514/right/zed_49429257_right_1747201075.746.jpg,1747201075.746,0.033299922943115234,1747201075.746,20.65,33.88,-19.81,24.72,70.8,-44.02,185.48
../dataset/Meca_insertion/Meca_3th_insertion_250514/left/zed_44377151_right_1747201075.865.jpg,1747201075.865,0.033699989318847656,1747201075.932,20.72,33.96,-19.48,24.81,70.39,-44.16,185.59
../dataset/Meca_insertion/Meca_3th_insertion_250514/left/zed_44377151_left_1747201075.865.jpg,1747201075.865,0.033699989318847656,1747201075.932,20.72,33.96,-19.48,24.81,70.39,-44.16,185.59
../dataset/Meca_insertion/Meca_3th_insertion_250514/top/zed_49045152_left_1747201075.891.jpg,1747201075.891,0.0076999664306640625,1747201075.932,20.72,33.96,-19.48,24.81,70.39,-44.16,185.59
../dataset/Meca_insertion/Meca_3th_insertion_250514/top/zed_49045152_right_1747201075.891.jpg,1747201075.891,0.0076999664306640625,1747201075.932,20.72,33.96,-19.48,24.81,70.39,-44.16,185.59
../dataset/Meca_insertion/Meca_3th_insertion_250514/right/zed_49429257_right_1747201076.069.jpg,1747201076.069,0.03970003128051758,1747201076.142,20.78,34.03,-19.21,24.88,70.06,-44.27,185.67
../dataset/Meca_insertion/Meca_3th_insertion_250514/right/zed_49429257_left_1747201076.069.jpg,1747201076.069,0.03970003128051758,1747201076.142,20.78,34.03,-19.21,24.88,70.06,-44.27,185.67
../dataset/Meca_insertion/Meca_3th_insertion_250514/front/zed_41182735_right_1747201076.143.jpg,1747201076.143,0.03429985046386719,1747201076.142,20.78,34.03,-19.21,24.88,70.06,-44.27,185.67
../dataset/Meca_insertion/Meca_3th_insertion_250514/front/zed_41182735_left_1747201076.143.jpg,1747201076.143,0.03429985046386719,1747201076.142,20.78,34.03,-19.21,24.88,70.06,-44.27,185.67
../dataset/Meca_insertion/Meca_3th_insertion_250514/right/zed_49429257_right_1747201076.385.jpg,1747201076.385,0.0012998580932617188,1747201076.417,20.89,34.17,-18.67,25.03,69.4,-44.5,185.82
../dataset/Meca_insertion/Meca_3th_insertion_250514/right/zed_49429257_left_1747201076.385.jpg,1747201076.385,0.0012998580932617188,1747201076.417,20.89,34.17,-18.67,25.03,69.4,-44.5,185.82
../dataset/Meca_insertion/Meca_3th_insertion_250514/front/zed_41182735_left_1747201076.431.jpg,1747201076.431,0.047299861907958984,1747201076.417,20.89,34.17,-18.67,25.03,69.4,-44.5,185.82
../dataset/Meca_insertion/Meca_3th_insertion_250514/front/zed_41182735_right_1747201076.431.jpg,1747201076.431,0.047299861907958984,1747201076.417,20.89,34.17,-18.67,25.03,69.4,-44.5,185.82
../dataset/Meca_insertion/Meca_3th_insertion_250514/left/zed_44377151_left_1747201076.475.jpg,1747201076.475,0.019700288772583008,1747201076.528,20.95,34.24,-18.4,25.1,69.07,-44.61,185.88
../dataset/Meca_insertion/Meca_3th_insertion_250514/left/zed_44377151_right_1747201076.475.jpg,1747201076.475,0.019700288772583008,1747201076.528,20.95,34.24,-18.4,25.1,69.07,-44.61,185.88
../dataset/Meca_insertion/Meca_3th_insertion_250514/top/zed_49045152_left_1747201076.528.jpg,1747201076.528,0.033299922943115234,1747201076.528,20.95,34.24,-18.4,25.1,69.07,-44.61,185.88
../dataset/Meca_insertion/Meca_3th_insertion_250514/top/zed_49045152_right_1747201076.528.jpg,1747201076.528,0.033299922943115234,1747201076.528,20.95,34.24,-18.4,25.1,69.07,-44.61,185.88
../dataset/Meca_insertion/Meca_3th_insertion_250514/left/zed_44377151_left_1747201076.755.jpg,1747201076.755,0.006700038909912109,1747201076.795,21.02,34.32,-18.1,25.18,68.71,-44.74,185.96
../dataset/Meca_insertion/Meca_3th_insertion_250514/left/zed_44377151_right_1747201076.755.jpg,1747201076.755,0.006700038909912109,1747201076.795,21.02,34.32,-18.1,25.18,68.71,-44.74,185.96
../dataset/Meca_insertion/Meca_3th_insertion_250514/front/zed_41182735_right_1747201076.802.jpg,1747201076.802,0.04029989242553711,1747201076.795,21.02,34.32,-18.1,25.18,68.71,-44.74,185.96
../dataset/Meca_insertion/Meca_3th_insertion_250514/front/zed_41182735_left_1747201076.802.jpg,1747201076.802,0.04029989242553711,1747201076.795,21.02,34.32,-18.1,25.18,68.71,-44.74,185.96
../dataset/Meca_insertion/Meca_3th_insertion_250514/top/zed_49045152_left_1747201076.846.jpg,1747201076.846,0.015700101852416992,1747201076.895,21.1,34.41,-17.74,25.28,68.27,-44.89,186.03
../dataset/Meca_insertion/Meca_3th_insertion_250514/top/zed_49045152_right_1747201076.846.jpg,1747201076.846,0.015700101852416992,1747201076.895,21.1,34.41,-17.74,25.28,68.27,-44.89,186.03
../dataset/Meca_insertion/Meca_3th_insertion_250514/right/zed_49429257_right_1747201077.068.jpg,1747201077.068,0.019700050354003906,1747201077.121,21.15,34.48,-17.5,25.34,67.98,-44.99,186.08
../dataset/Meca_insertion/Meca_3th_insertion_250514/right/zed_49429257_left_1747201077.068.jpg,1747201077.068,0.019700050354003906,1747201077.121,21.15,34.48,-17.5,25.34,67.98,-44.99,186.08
../dataset/Meca_insertion/Meca_3th_insertion_250514/front/zed_41182735_left_1747201077.150.jpg,1747201077.15,0.04870009422302246,1747201077.232,21.23,34.57,-17.14,25.44,67.54,-45.14,186.15
../dataset/Meca_insertion/Meca_3th_insertion_250514/front/zed_41182735_right_1747201077.150.jpg,1747201077.15,0.04870009422302246,1747201077.232,21.23,34.57,-17.14,25.44,67.54,-45.14,186.15
../dataset/Meca_insertion/Meca_3th_insertion_250514/right/zed_49429257_right_1747201077.430.jpg,1747201077.43,0.047699928283691406,1747201077.511,21.29,34.64,-16.87,25.51,67.21,-45.25,186.2
../dataset/Meca_insertion/Meca_3th_insertion_250514/right/zed_49429257_left_1747201077.430.jpg,1747201077.43,0.047699928283691406,1747201077.511,21.29,34.64,-16.87,25.51,67.21,-45.25,186.2
../dataset/Meca_insertion/Meca_3th_insertion_250514/front/zed_41182735_left_1747201077.457.jpg,1747201077.457,0.02069997787475586,1747201077.511,21.29,34.64,-16.87,25.51,67.21,-45.25,186.2
../dataset/Meca_insertion/Meca_3th_insertion_250514/front/zed_41182735_right_1747201077.457.jpg,1747201077.457,0.02069997787475586,1747201077.511,21.29,34.64,-16.87,25.51,67.21,-45.25,186.2
../dataset/Meca_insertion/Meca_3th_insertion_250514/top/zed_49045152_right_1747201077.485.jpg,1747201077.485,0.007299900054931641,1747201077.511,21.29,34.64,-16.87,25.51,67.21,-45.25,186.2
../dataset/Meca_insertion/Meca_3th_insertion_250514/top/zed_49045152_left_1747201077.485.jpg,1747201077.485,0.007299900054931641,1747201077.511,21.29,34.64,-16.87,25.51,67.21,-45.25,186.2
../dataset/Meca_insertion/Meca_3th_insertion_250514/right/zed_49429257_left_1747201077.811.jpg,1747201077.811,0.009299993515014648,1747201077.835,21.42,34.8,-16.27,25.68,66.47,-45.5,186.28
../dataset/Meca_insertion/Meca_3th_insertion_250514/right/zed_49429257_right_1747201077.811.jpg,1747201077.811,0.009299993515014648,1747201077.835,21.42,34.8,-16.27,25.68,66.47,-45.5,186.28
../dataset/Meca_insertion/Meca_3th_insertion_250514/left/zed_44377151_left_1747201077.826.jpg,1747201077.826,0.02429986000061035,1747201077.835,21.42,34.8,-16.27,25.68,66.47,-45.5,186.28
../dataset/Meca_insertion/Meca_3th_insertion_250514/left/zed_44377151_right_1747201077.826.jpg,1747201077.826,0.02429986000061035,1747201077.835,21.42,34.8,-16.27,25.68,66.47,-45.5,186.28
../dataset/Meca_insertion/Meca_3th_insertion_250514/top/zed_49045152_right_1747201077.836.jpg,1747201077.836,0.03429985046386719,1747201077.835,21.42,34.8,-16.27,25.68,66.47,-45.5,186.28
../dataset/Meca_insertion/Meca_3th_insertion_250514/top/zed_49045152_left_1747201077.836.jpg,1747201077.836,0.03429985046386719,1747201077.835,21.42,34.8,-16.27,25.68,66.47,-45.5,186.28
../dataset/Meca_insertion/Meca_3th_insertion_250514/front/zed_41182735_left_1747201078.053.jpg,1747201078.053,0.0012998580932617188,1747201078.085,21.55,34.95,-15.67,25.84,65.74,-45.75,186.35
../dataset/Meca_insertion/Meca_3th_insertion_250514/front/zed_41182735_right_1747201078.053.jpg,1747201078.053,0.0012998580932617188,1747201078.085,21.55,34.95,-15.67,25.84,65.74,-45.75,186.35
../dataset/Meca_insertion/Meca_3th_insertion_250514/right/zed_49429257_right_1747201078.438.jpg,1747201078.438,0.027700185775756836,1747201078.499,21.68,35.12,-15.04,26.01,64.97,-46.02,186.4
../dataset/Meca_insertion/Meca_3th_insertion_250514/right/zed_49429257_left_1747201078.438.jpg,1747201078.438,0.027700185775756836,1747201078.499,21.68,35.12,-15.04,26.01,64.97,-46.02,186.4
../dataset/Meca_insertion/Meca_3th_insertion_250514/top/zed_49045152_right_1747201078.479.jpg,1747201078.479,0.013299942016601562,1747201078.499,21.68,35.12,-15.04,26.01,64.97,-46.02,186.4
../dataset/Meca_insertion/Meca_3th_insertion_250514/top/zed_49045152_left_1747201078.479.jpg,1747201078.479,0.013299942016601562,1747201078.499,21.68,35.12,-15.04,26.01,64.97,-46.02,186.4
../dataset/Meca_insertion/Meca_3th_insertion_250514/front/zed_41182735_left_1747201078.499.jpg,1747201078.499,0.033299922943115234,1747201078.499,21.68,35.12,-15.04,26.01,64.97,-46.02,186.4
../dataset/Meca_insertion/Meca_3th_insertion_250514/front/zed_41182735_right_1747201078.499.jpg,1747201078.499,0.033299922943115234,1747201078.499,21.68,35.12,-15.04,26.01,64.97,-46.02,186.4
../dataset/Meca_insertion/Meca_3th_insertion_250514/right/zed_49429257_right_1747201078.731.jpg,1747201078.731,0.04929995536804199,1747201078.715,21.81,35.26,-14.47,26.16,64.28,-46.26,186.43
../dataset/Meca_insertion/Meca_3th_insertion_250514/right/zed_49429257_left_1747201078.731.jpg,1747201078.731,0.04929995536804199,1747201078.715,21.81,35.26,-14.47,26.16,64.28,-46.26,186.43
../dataset/Meca_insertion/Meca_3th_insertion_250514/left/zed_44377151_left_1747201078.802.jpg,1747201078.802,0.01530003547668457,1747201078.82,21.82,35.27,-14.44,26.17,64.24,-46.27,186.43
../dataset/Meca_insertion/Meca_3th_insertion_250514/left/zed_44377151_right_1747201078.802.jpg,1747201078.802,0.01530003547668457,1747201078.82,21.82,35.27,-14.44,26.17,64.24,-46.27,186.43
../dataset/Meca_insertion/Meca_3th_insertion_250514/top/zed_49045152_left_1747201078.832.jpg,1747201078.832,0.04530000686645508,1747201078.82,21.82,35.27,-14.44,26.17,64.24,-46.27,186.43
../dataset/Meca_insertion/Meca_3th_insertion_250514/top/zed_49045152_right_1747201078.832.jpg,1747201078.832,0.04530000686645508,1747201078.82,21.82,35.27,-14.44,26.17,64.24,-46.27,186.43
../dataset/Meca_insertion/Meca_3th_insertion_250514/front/zed_41182735_left_1747201078.891.jpg,1747201078.891,0.0076999664306640625,1747201078.932,21.89,35.37,-14.08,26.27,63.8,-46.42,186.43
../dataset/Meca_insertion/Meca_3th_insertion_250514/front/zed_41182735_right_1747201078.891.jpg,1747201078.891,0.0076999664306640625,1747201078.932,21.89,35.37,-14.08,26.27,63.8,-46.42,186.43
../dataset/Meca_insertion/Meca_3th_insertion_250514/right/zed_49429257_left_1747201079.036.jpg,1747201079.036,0.009299993515014648,1747201079.06,21.93,35.41,-13.9,26.31,63.58,-46.49,186.43
../dataset/Meca_insertion/Meca_3th_insertion_250514/right/zed_49429257_right_1747201079.036.jpg,1747201079.036,0.009299993515014648,1747201079.06,21.93,35.41,-13.9,26.31,63.58,-46.49,186.43
../dataset/Meca_insertion/Meca_3th_insertion_250514/left/zed_44377151_right_1747201079.070.jpg,1747201079.07,0.04329991340637207,1747201079.06,21.93,35.41,-13.9,26.31,63.58,-46.49,186.43
../dataset/Meca_insertion/Meca_3th_insertion_250514/left/zed_44377151_left_1747201079.070.jpg,1747201079.07,0.04329991340637207,1747201079.06,21.93,35.41,-13.9,26.31,63.58,-46.49,186.43
../dataset/Meca_insertion/Meca_3th_insertion_250514/top/zed_49045152_left_1747201079.142.jpg,1747201079.142,0.00429987907409668,1747201079.171,21.96,35.44,-13.78,26.35,63.44,-46.54,186.43
../dataset/Meca_insertion/Meca_3th_insertion_250514/top/zed_49045152_right_1747201079.142.jpg,1747201079.142,0.00429987907409668,1747201079.171,21.96,35.44,-13.78,26.35,63.44,-46.54,186.43
../dataset/Meca_insertion/Meca_3th_insertion_250514/front/zed_41182735_left_1747201079.152.jpg,1747201079.152,0.014299869537353516,1747201079.171,21.96,35.44,-13.78,26.35,63.44,-46.54,186.43
../dataset/Meca_insertion/Meca_3th_insertion_250514/front/zed_41182735_right_1747201079.152.jpg,1747201079.152,0.014299869537353516,1747201079.171,21.96,35.44,-13.78,26.35,63.44,-46.54,186.43
../dataset/Meca_insertion/Meca_3th_insertion_250514/left/zed_44377151_right_1747201079.391.jpg,1747201079.391,0.02069997787475586,1747201079.445,22.08,35.58,-13.24,26.49,62.78,-46.77,186.42
../dataset/Meca_insertion/Meca_3th_insertion_250514/left/zed_44377151_left_1747201079.391.jpg,1747201079.391,0.02069997787475586,1747201079.445,22.08,35.58,-13.24,26.49,62.78,-46.77,186.42
../dataset/Meca_insertion/Meca_3th_insertion_250514/top/zed_49045152_right_1747201079.419.jpg,1747201079.419,0.007299900054931641,1747201079.445,22.08,35.58,-13.24,26.49,62.78,-46.77,186.42
../dataset/Meca_insertion/Meca_3th_insertion_250514/top/zed_49045152_left_1747201079.419.jpg,1747201079.419,0.007299900054931641,1747201079.445,22.08,35.58,-13.24,26.49,62.78,-46.77,186.42
../dataset/Meca_insertion/Meca_3th_insertion_250514/front/zed_41182735_left_1747201079.428.jpg,1747201079.428,0.016299962997436523,1747201079.445,22.08,35.58,-13.24,26.49,62.78,-46.77,186.42
../dataset/Meca_insertion/Meca_3th_insertion_250514/front/zed_41182735_right_1747201079.428.jpg,1747201079.428,0.016299962997436523,1747201079.445,22.08,35.58,-13.24,26.49,62.78,-46.77,186.42
../dataset/Meca_insertion/Meca_3th_insertion_250514/left/zed_44377151_right_1747201079.754.jpg,1747201079.754,0.049700021743774414,1747201079.837,22.25,35.79,-12.43,26.71,61.79,-47.11,186.37
../dataset/Meca_insertion/Meca_3th_insertion_250514/left/zed_44377151_left_1747201079.754.jpg,1747201079.754,0.049700021743774414,1747201079.837,22.25,35.79,-12.43,26.71,61.79,-47.11,186.37
../dataset/Meca_insertion/Meca_3th_insertion_250514/front/zed_41182735_left_1747201079.768.jpg,1747201079.768,0.035700082778930664,1747201079.837,22.25,35.79,-12.43,26.71,61.79,-47.11,186.37
../dataset/Meca_insertion/Meca_3th_insertion_250514/front/zed_41182735_right_1747201079.768.jpg,1747201079.768,0.035700082778930664,1747201079.837,22.25,35.79,-12.43,26.71,61.79,-47.11,186.37
../dataset/Meca_insertion/Meca_3th_insertion_250514/top/zed_49045152_left_1747201079.994.jpg,1747201079.994,0.0177001953125,1747201080.045,22.31,35.87,-12.16,26.78,61.46,-47.22,186.35
../dataset/Meca_insertion/Meca_3th_insertion_250514/top/zed_49045152_right_1747201079.994.jpg,1747201079.994,0.0177001953125,1747201080.045,22.31,35.87,-12.16,26.78,61.46,-47.22,186.35
../dataset/Meca_insertion/Meca_3th_insertion_250514/right/zed_49429257_left_1747201080.038.jpg,1747201080.038,0.02629995346069336,1747201080.045,22.31,35.87,-12.16,26.78,61.46,-47.22,186.35
../dataset/Meca_insertion/Meca_3th_insertion_250514/right/zed_49429257_right_1747201080.038.jpg,1747201080.038,0.02629995346069336,1747201080.045,22.31,35.87,-12.16,26.78,61.46,-47.22,186.35
